user_id,product_id,rank,score
AE2VXY4CFO36MDSIMPG43XHNF4GA,B09VCHLSJF,1,2.149049411809033e-16
AE2VXY4CFO36MDSIMPG43XHNF4GA,B08Y1TFSP6,2,1.6113103045685943e-16
AE2VXY4CFO36MDSIMPG43XHNF4GA,B098NS6PVG,3,1.563408388433815e-16
AE2VXY4CFO36MDSIMPG43XHNF4GA,B07XLCFSSN,4,1.1831376063884503e-16
AE2VXY4CFO36MDSIMPG43XHNF4GA,B08HDH26JX,5,1.0219696171362378e-16
AE2VXY4CFO36MDSIMPG43XHNF4GA,B0711PVX6Z,6,9.89724232563399e-17
AE2VXY4CFO36MDSIMPG43XHNF4GA,B082LSVT4B,7,8.94419660048532e-17
AE2VXY4CFO36MDSIMPG43XHNF4GA,B07B275VN9,8,8.691515174231572e-17
AE2VXY4CFO36MDSIMPG43XHNF4GA,B0B1YZX72F,9,8.649815166123342e-17
AE2VXY4CFO36MDSIMPG43XHNF4GA,B08Y1SJVV5,10,8.359625164035227e-17
AE3CFONNMANNC5QPYIAXV67EUYUQ,B09Q5SWVBJ,1,1.512188209282299e-15
AE3CFONNMANNC5QPYIAXV67EUYUQ,B07JH1C41D,2,6.990984434439752e-16
AE3CFONNMANNC5QPYIAXV67EUYUQ,B08Y1TFSP6,3,6.343749496925699e-16
AE3CFONNMANNC5QPYIAXV67EUYUQ,B082LZGK39,4,6.255161954701836e-16
AE3CFONNMANNC5QPYIAXV67EUYUQ,B09NKZXMWJ,5,6.190870001733819e-16
AE3CFONNMANNC5QPYIAXV67EUYUQ,B08HDJ86NZ,6,5.548256850612618e-16
AE3CFONNMANNC5QPYIAXV67EUYUQ,B014I8SSD0,7,1.9569406533648306e-16
AE3CFONNMANNC5QPYIAXV67EUYUQ,B09VCHLSJF,8,1.9259355431271055e-16
AE3CFONNMANNC5QPYIAXV67EUYUQ,B07KSMBL2H,9,1.7893461941939528e-16
AE3CFONNMANNC5QPYIAXV67EUYUQ,B07MKFNHKG,10,1.6490501796634564e-16
AE3D5CJ2GDUP5SQ3AAYMVAGDTX7A,B098NS6PVG,1,1.26038513279504e-15
AE3D5CJ2GDUP5SQ3AAYMVAGDTX7A,B09NJN8L25,2,6.59324883221586e-16
AE3D5CJ2GDUP5SQ3AAYMVAGDTX7A,B07232M876,3,5.949278773325081e-16
AE3D5CJ2GDUP5SQ3AAYMVAGDTX7A,B09F9YQQ7B,4,5.895377378135011e-16
AE3D5CJ2GDUP5SQ3AAYMVAGDTX7A,B082LSVT4B,5,5.858945491998956e-16
AE3D5CJ2GDUP5SQ3AAYMVAGDTX7A,B08HDJ86NZ,6,5.450248866083602e-16
AE3D5CJ2GDUP5SQ3AAYMVAGDTX7A,B08Y1SJVV5,7,5.357577883455529e-16
AE3D5CJ2GDUP5SQ3AAYMVAGDTX7A,B01M4GGIVU,8,4.959549917701918e-16
AE3D5CJ2GDUP5SQ3AAYMVAGDTX7A,B01GGKZ0V6,9,4.053359523438623e-16
AE3D5CJ2GDUP5SQ3AAYMVAGDTX7A,B0789LZTCJ,10,3.712452669888157e-16
AE3O6366WGEQAANKJ76QETTUQQTQ,B098NS6PVG,1,1.1839700585307992e-15
AE3O6366WGEQAANKJ76QETTUQQTQ,B0789LZTCJ,2,5.374779379736138e-16
AE3O6366WGEQAANKJ76QETTUQQTQ,B09Q5SWVBJ,3,5.184623333059302e-16
AE3O6366WGEQAANKJ76QETTUQQTQ,B09RFC46VP,4,5.065771485113033e-16
AE3O6366WGEQAANKJ76QETTUQQTQ,B09NJN8L25,5,4.839572095789311e-16
AE3O6366WGEQAANKJ76QETTUQQTQ,B0B3MMYHYW,6,4.1749468439723296e-16
AE3O6366WGEQAANKJ76QETTUQQTQ,B082LSVT4B,7,3.957915106912809e-16
AE3O6366WGEQAANKJ76QETTUQQTQ,B08HDJ86NZ,8,3.847124784954154e-16
AE3O6366WGEQAANKJ76QETTUQQTQ,B09VCHLSJF,9,3.69320761789692e-16
AE3O6366WGEQAANKJ76QETTUQQTQ,B09NHVCHS9,10,3.68407909250977e-16
AE55KTFVNXYFD5FPYWP2OUPEYNPQ,B09NKZXMWJ,1,6.234637741618835e-16
AE55KTFVNXYFD5FPYWP2OUPEYNPQ,B014I8SSD0,2,6.0921953491402e-16
AE55KTFVNXYFD5FPYWP2OUPEYNPQ,B082LZGK39,3,6.007776834240553e-16
AE55KTFVNXYFD5FPYWP2OUPEYNPQ,B077Z65HSD,4,4.75337002959782e-16
AE55KTFVNXYFD5FPYWP2OUPEYNPQ,B0789LZTCJ,5,4.667730923318736e-16
AE55KTFVNXYFD5FPYWP2OUPEYNPQ,B07JW9H4J1,6,4.021794014675168e-16
AE55KTFVNXYFD5FPYWP2OUPEYNPQ,B07KSMBL2H,7,3.635513967474127e-16
AE55KTFVNXYFD5FPYWP2OUPEYNPQ,B098NS6PVG,8,3.074341403008572e-16
AE55KTFVNXYFD5FPYWP2OUPEYNPQ,B008FWZGSG,9,2.98525608709115e-16
AE55KTFVNXYFD5FPYWP2OUPEYNPQ,B0711PVX6Z,10,2.8941183162689335e-16
AE7GD3VRRYQEAHDR7FXJIR23INYA,B09VCHLSJF,1,4.298098823618066e-16
AE7GD3VRRYQEAHDR7FXJIR23INYA,B08Y1TFSP6,2,3.2226206091371886e-16
AE7GD3VRRYQEAHDR7FXJIR23INYA,B098NS6PVG,3,3.12681677686763e-16
AE7GD3VRRYQEAHDR7FXJIR23INYA,B07XLCFSSN,4,2.3662752127769007e-16
AE7GD3VRRYQEAHDR7FXJIR23INYA,B08HDH26JX,5,2.0439392342724756e-16
AE7GD3VRRYQEAHDR7FXJIR23INYA,B0711PVX6Z,6,1.979448465126798e-16
AE7GD3VRRYQEAHDR7FXJIR23INYA,B082LSVT4B,7,1.788839320097064e-16
AE7GD3VRRYQEAHDR7FXJIR23INYA,B07B275VN9,8,1.7383030348463143e-16
AE7GD3VRRYQEAHDR7FXJIR23INYA,B0B1YZX72F,9,1.7299630332246685e-16
AE7GD3VRRYQEAHDR7FXJIR23INYA,B08Y1SJVV5,10,1.6719250328070453e-16
AE7OMK3IQJR2U2JZE2HQ4BKSPA6A,B08HDJ86NZ,1,1.0187962871645645e-15
AE7OMK3IQJR2U2JZE2HQ4BKSPA6A,B0B3MMYHYW,2,5.392893931036911e-16
AE7OMK3IQJR2U2JZE2HQ4BKSPA6A,B0B1YZX72F,3,4.650580722167776e-16
AE7OMK3IQJR2U2JZE2HQ4BKSPA6A,B09VCHLSJF,4,4.622381503392883e-16
AE7OMK3IQJR2U2JZE2HQ4BKSPA6A,B098NS6PVG,5,3.2360466685165906e-16
AE7OMK3IQJR2U2JZE2HQ4BKSPA6A,B0789LZTCJ,6,2.8757286311467907e-16
AE7OMK3IQJR2U2JZE2HQ4BKSPA6A,B07B275VN9,7,2.7583434086960357e-16
AE7OMK3IQJR2U2JZE2HQ4BKSPA6A,B07JH1C41D,8,2.12073413582334e-16
AE7OMK3IQJR2U2JZE2HQ4BKSPA6A,B07232M876,9,1.727591836446485e-16
AE7OMK3IQJR2U2JZE2HQ4BKSPA6A,B014I8SSD0,10,1.5928624204108757e-16
AEA2HQHMFG3ZGJFOLLJQ65WKIZUQ,B098NS6PVG,1,1.1839700585307992e-15
AEA2HQHMFG3ZGJFOLLJQ65WKIZUQ,B0789LZTCJ,2,5.374779379736138e-16
AEA2HQHMFG3ZGJFOLLJQ65WKIZUQ,B09Q5SWVBJ,3,5.184623333059302e-16
AEA2HQHMFG3ZGJFOLLJQ65WKIZUQ,B09RFC46VP,4,5.065771485113033e-16
AEA2HQHMFG3ZGJFOLLJQ65WKIZUQ,B09NJN8L25,5,4.839572095789311e-16
AEA2HQHMFG3ZGJFOLLJQ65WKIZUQ,B0B3MMYHYW,6,4.1749468439723296e-16
AEA2HQHMFG3ZGJFOLLJQ65WKIZUQ,B082LSVT4B,7,3.957915106912809e-16
AEA2HQHMFG3ZGJFOLLJQ65WKIZUQ,B08HDJ86NZ,8,3.847124784954154e-16
AEA2HQHMFG3ZGJFOLLJQ65WKIZUQ,B09VCHLSJF,9,3.69320761789692e-16
AEA2HQHMFG3ZGJFOLLJQ65WKIZUQ,B09NHVCHS9,10,3.68407909250977e-16
AEAMIR3CMSA32IDEINSJKHRNANTA,B0088TKTY2,1,8.585423819837332e-16
AEAMIR3CMSA32IDEINSJKHRNANTA,B082LSVT4B,2,3.5984473696854153e-16
AEAMIR3CMSA32IDEINSJKHRNANTA,B07JH1C41D,3,3.084164492141661e-16
AEAMIR3CMSA32IDEINSJKHRNANTA,B092BJMT8Q,4,2.749195051379365e-16
AEAMIR3CMSA32IDEINSJKHRNANTA,B07JW1Y6XV,5,2.428253221038807e-16
AEAMIR3CMSA32IDEINSJKHRNANTA,B09VCHLSJF,6,2.2000388142402633e-16
AEAMIR3CMSA32IDEINSJKHRNANTA,B08HDH26JX,7,2.1738443670539597e-16
AEAMIR3CMSA32IDEINSJKHRNANTA,B014I8SSD0,8,1.7259527360215265e-16
AEAMIR3CMSA32IDEINSJKHRNANTA,B07XLCFSSN,9,1.449267515037862e-16
AEAMIR3CMSA32IDEINSJKHRNANTA,B09Q5P2MT3,10,1.4393146652045003e-16
AEBO7NWCNXKT4AESAN443HQH35FQ,B09VCHLSJF,1,2.149049411809033e-16
AEBO7NWCNXKT4AESAN443HQH35FQ,B08Y1TFSP6,2,1.6113103045685943e-16
AEBO7NWCNXKT4AESAN443HQH35FQ,B098NS6PVG,3,1.563408388433815e-16
AEBO7NWCNXKT4AESAN443HQH35FQ,B07XLCFSSN,4,1.1831376063884503e-16
AEBO7NWCNXKT4AESAN443HQH35FQ,B08HDH26JX,5,1.0219696171362378e-16
AEBO7NWCNXKT4AESAN443HQH35FQ,B0711PVX6Z,6,9.89724232563399e-17
AEBO7NWCNXKT4AESAN443HQH35FQ,B082LSVT4B,7,8.94419660048532e-17
AEBO7NWCNXKT4AESAN443HQH35FQ,B07B275VN9,8,8.691515174231572e-17
AEBO7NWCNXKT4AESAN443HQH35FQ,B0B1YZX72F,9,8.649815166123342e-17
AEBO7NWCNXKT4AESAN443HQH35FQ,B08Y1SJVV5,10,8.359625164035227e-17
AEBWA5I4QFCA3P3OBEPMELBGN4GQ,B082LZGK39,1,4.2651986492021865e-16
AEBWA5I4QFCA3P3OBEPMELBGN4GQ,B014I8SSD0,2,3.980682955523747e-16
AEBWA5I4QFCA3P3OBEPMELBGN4GQ,B0789LZTCJ,3,3.8376969077511597e-16
AEBWA5I4QFCA3P3OBEPMELBGN4GQ,B07JW1Y6XV,4,3.4196374976248794e-16
AEBWA5I4QFCA3P3OBEPMELBGN4GQ,B092BJMT8Q,5,2.7502150543664556e-16
AEBWA5I4QFCA3P3OBEPMELBGN4GQ,B09Q5P2MT3,6,2.000768123036795e-16
AEBWA5I4QFCA3P3OBEPMELBGN4GQ,B008FWZGSG,7,1.8479850071474926e-16
AEBWA5I4QFCA3P3OBEPMELBGN4GQ,B00NH11KIK,8,1.4540827156106543e-16
AEBWA5I4QFCA3P3OBEPMELBGN4GQ,B09NHVCHS9,9,1.3397531955232532e-16
AEBWA5I4QFCA3P3OBEPMELBGN4GQ,B07XLCFSSN,10,1.3002098631709187e-16
AECPFYFQVRUWC3KGNLJIOREFP5LQ,B014I8SSD0,1,7.042659315892641e-16
AECPFYFQVRUWC3KGNLJIOREFP5LQ,B07KSMBL2H,2,4.3774781881640805e-16
AECPFYFQVRUWC3KGNLJIOREFP5LQ,B09NHVCHS9,3,4.1584026838406953e-16
AECPFYFQVRUWC3KGNLJIOREFP5LQ,B0B1YZX72F,4,3.348870014004724e-16
AECPFYFQVRUWC3KGNLJIOREFP5LQ,B08Y1TFSP6,5,2.885820617379261e-16
AECPFYFQVRUWC3KGNLJIOREFP5LQ,B00NH11PEY,6,2.7714110424584153e-16
AECPFYFQVRUWC3KGNLJIOREFP5LQ,B008IFXQFU,7,2.4578280484823466e-16
AECPFYFQVRUWC3KGNLJIOREFP5LQ,B07JH1C41D,8,2.1172619413895032e-16
AECPFYFQVRUWC3KGNLJIOREFP5LQ,B002PD61Y4,9,1.587343721620737e-16
AECPFYFQVRUWC3KGNLJIOREFP5LQ,B07XLCFSSN,10,1.4680885029005814e-16
AEGPWBXEAWPF6XRT7EZJOYJQA6DQ,B014I8SSD0,1,5.559418415603615e-16
AEGPWBXEAWPF6XRT7EZJOYJQA6DQ,B0B1YZX72F,2,3.4894282006290016e-16
AEGPWBXEAWPF6XRT7EZJOYJQA6DQ,B07232M876,3,3.050084944876962e-16
AEGPWBXEAWPF6XRT7EZJOYJQA6DQ,B07XLCFSSN,4,2.451219911900764e-16
AEGPWBXEAWPF6XRT7EZJOYJQA6DQ,B09VCHLSJF,5,2.284336359757524e-16
AEGPWBXEAWPF6XRT7EZJOYJQA6DQ,B07GVGTSLN,6,1.7293455869752024e-16
AEGPWBXEAWPF6XRT7EZJOYJQA6DQ,B0B3MMYHYW,7,1.7040133306682587e-16
AEGPWBXEAWPF6XRT7EZJOYJQA6DQ,B0711PVX6Z,8,1.61591164227734e-16
AEGPWBXEAWPF6XRT7EZJOYJQA6DQ,B08Y1SJVV5,9,1.288751742878968e-16
AEGPWBXEAWPF6XRT7EZJOYJQA6DQ,B09RFC46VP,10,1.227440293468089e-16
AEGT7WPGXXMSH5J3LZLL6CPJ7QMQ,B014I8SSD0,1,3.442179569689906e-16
AEGT7WPGXXMSH5J3LZLL6CPJ7QMQ,B09Q5SWVBJ,2,3.122273762710297e-16
AEGT7WPGXXMSH5J3LZLL6CPJ7QMQ,B0B15CPR37,3,2.0995700161013752e-16
AEGT7WPGXXMSH5J3LZLL6CPJ7QMQ,B0141EZMAI,4,1.8175014407940814e-16
AEGT7WPGXXMSH5J3LZLL6CPJ7QMQ,B098NS6PVG,5,1.6900639208830843e-16
AEGT7WPGXXMSH5J3LZLL6CPJ7QMQ,B077Z65HSD,6,1.586490958506597e-16
AEGT7WPGXXMSH5J3LZLL6CPJ7QMQ,B09F9YQQ7B,7,1.525042472438481e-16
AEGT7WPGXXMSH5J3LZLL6CPJ7QMQ,B07JH1C41D,8,1.520906729694086e-16
AEGT7WPGXXMSH5J3LZLL6CPJ7QMQ,B09NJN8L25,9,1.3769115221856053e-16
AEGT7WPGXXMSH5J3LZLL6CPJ7QMQ,B0789LZTCJ,10,1.215122906250525e-16
AEKCUG7WMX6KMP6VFBWI3ICW5CBQ,B014I8SSD0,1,6.884359139379812e-16
AEKCUG7WMX6KMP6VFBWI3ICW5CBQ,B09Q5SWVBJ,2,6.244547525420594e-16
AEKCUG7WMX6KMP6VFBWI3ICW5CBQ,B0B15CPR37,3,4.1991400322027504e-16
AEKCUG7WMX6KMP6VFBWI3ICW5CBQ,B0141EZMAI,4,3.635002881588163e-16
AEKCUG7WMX6KMP6VFBWI3ICW5CBQ,B098NS6PVG,5,3.3801278417661685e-16
AEKCUG7WMX6KMP6VFBWI3ICW5CBQ,B077Z65HSD,6,3.172981917013194e-16
AEKCUG7WMX6KMP6VFBWI3ICW5CBQ,B09F9YQQ7B,7,3.050084944876962e-16
AEKCUG7WMX6KMP6VFBWI3ICW5CBQ,B07JH1C41D,8,3.041813459388172e-16
AEKCUG7WMX6KMP6VFBWI3ICW5CBQ,B09NJN8L25,9,2.7538230443712105e-16
AEKCUG7WMX6KMP6VFBWI3ICW5CBQ,B0789LZTCJ,10,2.43024581250105e-16
AELNBR4H6235Y7NVYNCGNABDIDFQ,B09Q5SWVBJ,1,7.560941046411495e-16
AELNBR4H6235Y7NVYNCGNABDIDFQ,B07JH1C41D,2,3.495492217219876e-16
AELNBR4H6235Y7NVYNCGNABDIDFQ,B08Y1TFSP6,3,3.1718747484628497e-16
AELNBR4H6235Y7NVYNCGNABDIDFQ,B082LZGK39,4,3.127580977350918e-16
AELNBR4H6235Y7NVYNCGNABDIDFQ,B09NKZXMWJ,5,3.0954350008669094e-16
AELNBR4H6235Y7NVYNCGNABDIDFQ,B08HDJ86NZ,6,2.774128425306309e-16
AELNBR4H6235Y7NVYNCGNABDIDFQ,B014I8SSD0,7,9.784703266824153e-17
AELNBR4H6235Y7NVYNCGNABDIDFQ,B09VCHLSJF,8,9.629677715635527e-17
AELNBR4H6235Y7NVYNCGNABDIDFQ,B07KSMBL2H,9,8.946730970969764e-17
AELNBR4H6235Y7NVYNCGNABDIDFQ,B07MKFNHKG,10,8.245250898317282e-17
AENGU523SXMOS7JPDTW52PNNVWGQ,B07JW1Y6XV,1,9.063552587148536e-16
AENGU523SXMOS7JPDTW52PNNVWGQ,B092BJMT8Q,2,5.178809322721695e-16
AENGU523SXMOS7JPDTW52PNNVWGQ,B09NHVCHS9,3,3.523393590576133e-16
AENGU523SXMOS7JPDTW52PNNVWGQ,B0789LZTCJ,4,2.9999602721050197e-16
AENGU523SXMOS7JPDTW52PNNVWGQ,B09Q5P2MT3,5,2.669968736900754e-16
AENGU523SXMOS7JPDTW52PNNVWGQ,B0B1YZX72F,6,2.3171782407156055e-16
AENGU523SXMOS7JPDTW52PNNVWGQ,B0088TKTY2,7,2.315257919425243e-16
AENGU523SXMOS7JPDTW52PNNVWGQ,B0711PVX6Z,8,2.2293578390849345e-16
AENGU523SXMOS7JPDTW52PNNVWGQ,B07B275VN9,9,1.72115039014218e-16
AENGU523SXMOS7JPDTW52PNNVWGQ,B08Y1SJVV5,10,1.366279958956273e-16
AEP4MK3EKOBDKTGPJTRN5RBDIODA,B092BJMT8Q,1,3.1718747484628497e-16
AEP4MK3EKOBDKTGPJTRN5RBDIODA,B09VCHLSJF,2,2.7994162039067244e-16
AEP4MK3EKOBDKTGPJTRN5RBDIODA,B08HDH26JX,3,2.489136034607815e-16
AEP4MK3EKOBDKTGPJTRN5RBDIODA,B00V4BGDKU,4,2.4568581473843425e-16
AEP4MK3EKOBDKTGPJTRN5RBDIODA,B0B1YZX72F,5,2.2386181519893975e-16
AEP4MK3EKOBDKTGPJTRN5RBDIODA,B07JW9H4J1,6,2.0931036925646618e-16
AEP4MK3EKOBDKTGPJTRN5RBDIODA,B082LSVT4B,7,1.827061545136231e-16
AEP4MK3EKOBDKTGPJTRN5RBDIODA,B08B42LWKN,8,1.8245965019499764e-16
AEP4MK3EKOBDKTGPJTRN5RBDIODA,B0088TKTY2,9,1.6609977282476254e-16
AEP4MK3EKOBDKTGPJTRN5RBDIODA,B008IFXQFU,10,1.6113103045685943e-16
AEP6PYK2DLTD5UCMURSUNUE4IE5A,B0B1YZX72F,1,6.984095549578411e-16
AEP6PYK2DLTD5UCMURSUNUE4IE5A,B08HDH26JX,2,6.404879934210014e-16
AEP6PYK2DLTD5UCMURSUNUE4IE5A,B08HDJ86NZ,3,5.76422495016569e-16
AEP6PYK2DLTD5UCMURSUNUE4IE5A,B08B42LWKN,4,5.48097601448889e-16
AEP6PYK2DLTD5UCMURSUNUE4IE5A,B07KSMBL2H,5,4.922456204627061e-16
AEP6PYK2DLTD5UCMURSUNUE4IE5A,B07MKFNHKG,6,3.390544405455344e-16
AEP6PYK2DLTD5UCMURSUNUE4IE5A,B082LSVT4B,7,3.313349310254832e-16
AEP6PYK2DLTD5UCMURSUNUE4IE5A,B01GGKYKQM,8,2.818276307073078e-16
AEP6PYK2DLTD5UCMURSUNUE4IE5A,B002PD61Y4,9,2.3292112817951955e-16
AEP6PYK2DLTD5UCMURSUNUE4IE5A,B09NHVCHS9,10,2.24362346234786e-16
AEPSWFPNECKO34PUC7I56ITGXR6Q,B09RFC46VP,1,4.950845016558565e-16
AEPSWFPNECKO34PUC7I56ITGXR6Q,B014I8SSD0,2,4.719384046497835e-16
AEPSWFPNECKO34PUC7I56ITGXR6Q,B09NHVCHS9,3,4.365701112229295e-16
AEPSWFPNECKO34PUC7I56ITGXR6Q,B09NJN8L25,4,3.6230147815033256e-16
AEPSWFPNECKO34PUC7I56ITGXR6Q,B0B3MMYHYW,5,2.833007293552628e-16
AEPSWFPNECKO34PUC7I56ITGXR6Q,B09NKZXMWJ,6,2.800506709458322e-16
AEPSWFPNECKO34PUC7I56ITGXR6Q,B07XLCFSSN,7,2.6707421670771884e-16
AEPSWFPNECKO34PUC7I56ITGXR6Q,B0B1YZX72F,8,2.5133388341815735e-16
AEPSWFPNECKO34PUC7I56ITGXR6Q,B07KSMBL2H,9,2.3215481372862755e-16
AEPSWFPNECKO34PUC7I56ITGXR6Q,B07KRCW6LZ,10,2.05226381363481e-16
AEQ2YMXSZWEOHK2EHTNLOS56YTZQ,B09VCHLSJF,1,1.5799077200935454e-15
AEQ2YMXSZWEOHK2EHTNLOS56YTZQ,B014I8SSD0,2,4.774381141442098e-16
AEQ2YMXSZWEOHK2EHTNLOS56YTZQ,B07JH1C41D,3,3.0952953841194195e-16
AEQ2YMXSZWEOHK2EHTNLOS56YTZQ,B07MKFNHKG,4,2.8289904605352945e-16
AEQ2YMXSZWEOHK2EHTNLOS56YTZQ,B09Q5SWVBJ,5,2.5185814906473884e-16
AEQ2YMXSZWEOHK2EHTNLOS56YTZQ,B00NH11PEY,6,2.112615539275246e-16
AEQ2YMXSZWEOHK2EHTNLOS56YTZQ,B008IFXQFU,7,1.6719250328070453e-16
AEQ2YMXSZWEOHK2EHTNLOS56YTZQ,B01GGKYKQM,8,1.5899997902785796e-16
AEQ2YMXSZWEOHK2EHTNLOS56YTZQ,B082LSVT4B,9,1.4209983311014877e-16
AEQ2YMXSZWEOHK2EHTNLOS56YTZQ,B0789LZTCJ,10,1.385130169812902e-16
AEQIJCPWSBCDKUO5VROXXHWX3PPA,B098NS6PVG,1,5.283082272121249e-16
AEQIJCPWSBCDKUO5VROXXHWX3PPA,B01GGKZ0V6,2,4.236044864116025e-16
AEQIJCPWSBCDKUO5VROXXHWX3PPA,B09VCHLSJF,3,3.8560014229848713e-16
AEQIJCPWSBCDKUO5VROXXHWX3PPA,B0B1YVCJ2Y,4,3.4618562819850173e-16
AEQIJCPWSBCDKUO5VROXXHWX3PPA,B01M4GGIVU,5,3.4421011398630807e-16
AEQIJCPWSBCDKUO5VROXXHWX3PPA,B09F9YQQ7B,6,2.886449473523955e-16
AEQIJCPWSBCDKUO5VROXXHWX3PPA,B09NHVCHS9,7,2.456694934488301e-16
AEQIJCPWSBCDKUO5VROXXHWX3PPA,B08Y1SJVV5,8,2.4392170183312324e-16
AEQIJCPWSBCDKUO5VROXXHWX3PPA,B08HDJ86NZ,9,1.9935039567839935e-16
AEQIJCPWSBCDKUO5VROXXHWX3PPA,B008FWZGSG,10,1.9096434616297674e-16
AEQJHCVTNINBS4FKTBGQRQTGTE5Q,B07JW1Y6XV,1,4.70068418083758e-16
AEQJHCVTNINBS4FKTBGQRQTGTE5Q,B09NJN8L25,2,2.3545457471972174e-16
AEQJHCVTNINBS4FKTBGQRQTGTE5Q,B092BJMT8Q,3,2.2401523933100016e-16
AEQJHCVTNINBS4FKTBGQRQTGTE5Q,B09NHVCHS9,4,1.9279012133763126e-16
AEQJHCVTNINBS4FKTBGQRQTGTE5Q,B08HDJ86NZ,5,1.6029120968129787e-16
AEQJHCVTNINBS4FKTBGQRQTGTE5Q,B0B1YZX72F,6,1.5638231989280785e-16
AEQJHCVTNINBS4FKTBGQRQTGTE5Q,B0711PVX6Z,7,1.3246147387975898e-16
AEQJHCVTNINBS4FKTBGQRQTGTE5Q,B07XLCFSSN,8,1.1312061283052568e-16
AEQJHCVTNINBS4FKTBGQRQTGTE5Q,B08Y1TFSP6,9,1.1139888184774168e-16
AEQJHCVTNINBS4FKTBGQRQTGTE5Q,B0088TKTY2,10,1.1131721289767532e-16
AERFCJ6BOMVO5YW5XM5Z2ESOIK3A,B08HDJ86NZ,1,4.755456550866651e-16
AERFCJ6BOMVO5YW5XM5Z2ESOIK3A,B0B3MMYHYW,2,3.4920477747892056e-16
AERFCJ6BOMVO5YW5XM5Z2ESOIK3A,B0789LZTCJ,3,2.738858418961722e-16
AERFCJ6BOMVO5YW5XM5Z2ESOIK3A,B0B1YVCJ2Y,4,2.4561766821525487e-16
AERFCJ6BOMVO5YW5XM5Z2ESOIK3A,B08B42LWKN,5,2.451053843283105e-16
AERFCJ6BOMVO5YW5XM5Z2ESOIK3A,B08Y1TFSP6,6,2.2386181519893975e-16
AERFCJ6BOMVO5YW5XM5Z2ESOIK3A,B098NS6PVG,7,2.1693634978047901e-16
AERFCJ6BOMVO5YW5XM5Z2ESOIK3A,B0088TKTY2,8,2.0816681711721678e-16
AERFCJ6BOMVO5YW5XM5Z2ESOIK3A,B09F9YQQ7B,9,1.7447141003145008e-16
AERFCJ6BOMVO5YW5XM5Z2ESOIK3A,B014I8SX4Y,10,1.673704937710477e-16
AERQBL3BISJQVHO3RLOOA4HKZX5A,B08HDJ86NZ,1,7.259115454704163e-16
AERQBL3BISJQVHO3RLOOA4HKZX5A,B09VCHLSJF,2,4.0025244134958595e-16
AERQBL3BISJQVHO3RLOOA4HKZX5A,B0789LZTCJ,3,3.3887259007874365e-16
AERQBL3BISJQVHO3RLOOA4HKZX5A,B07JH1C41D,4,2.7627787604325554e-16
AERQBL3BISJQVHO3RLOOA4HKZX5A,B0B3MMYHYW,5,2.6524059237924693e-16
AERQBL3BISJQVHO3RLOOA4HKZX5A,B0B1YZX72F,6,2.1995268788846688e-16
AERQBL3BISJQVHO3RLOOA4HKZX5A,B07B275VN9,7,2.0977433308663556e-16
AERQBL3BISJQVHO3RLOOA4HKZX5A,B014I8SSD0,8,1.378451529822546e-16
AERQBL3BISJQVHO3RLOOA4HKZX5A,B008FWZGSG,9,1.2229392477870107e-16
AERQBL3BISJQVHO3RLOOA4HKZX5A,B098NS6PVG,10,1.0824942779953393e-16
AETPKXNOTUEX5GH7WL7XQHDR5M7Q,B08HDJ86NZ,1,9.510913101733303e-16
AETPKXNOTUEX5GH7WL7XQHDR5M7Q,B0B3MMYHYW,2,6.984095549578411e-16
AETPKXNOTUEX5GH7WL7XQHDR5M7Q,B0789LZTCJ,3,5.477716837923444e-16
AETPKXNOTUEX5GH7WL7XQHDR5M7Q,B0B1YVCJ2Y,4,4.912353364305097e-16
AETPKXNOTUEX5GH7WL7XQHDR5M7Q,B08B42LWKN,5,4.90210768656621e-16
AETPKXNOTUEX5GH7WL7XQHDR5M7Q,B08Y1TFSP6,6,4.477236303978795e-16
AETPKXNOTUEX5GH7WL7XQHDR5M7Q,B098NS6PVG,7,4.3387269956095803e-16
AETPKXNOTUEX5GH7WL7XQHDR5M7Q,B0088TKTY2,8,4.1633363423443355e-16
AETPKXNOTUEX5GH7WL7XQHDR5M7Q,B09F9YQQ7B,9,3.4894282006290016e-16
AETPKXNOTUEX5GH7WL7XQHDR5M7Q,B014I8SX4Y,10,3.347409875420954e-16
AEW6KBDGJEWIOQKAW3FP74GMV6TA,B014I8SSD0,1,6.884359139379812e-16
AEW6KBDGJEWIOQKAW3FP74GMV6TA,B09Q5SWVBJ,2,6.244547525420594e-16
AEW6KBDGJEWIOQKAW3FP74GMV6TA,B0B15CPR37,3,4.1991400322027504e-16
AEW6KBDGJEWIOQKAW3FP74GMV6TA,B0141EZMAI,4,3.635002881588163e-16
AEW6KBDGJEWIOQKAW3FP74GMV6TA,B098NS6PVG,5,3.3801278417661685e-16
AEW6KBDGJEWIOQKAW3FP74GMV6TA,B077Z65HSD,6,3.172981917013194e-16
AEW6KBDGJEWIOQKAW3FP74GMV6TA,B09F9YQQ7B,7,3.050084944876962e-16
AEW6KBDGJEWIOQKAW3FP74GMV6TA,B07JH1C41D,8,3.041813459388172e-16
AEW6KBDGJEWIOQKAW3FP74GMV6TA,B09NJN8L25,9,2.7538230443712105e-16
AEW6KBDGJEWIOQKAW3FP74GMV6TA,B0789LZTCJ,10,2.43024581250105e-16
AEWAZDZZJLQUYVOVGBEUKSLXHQ5A,B0B1YZX72F,1,9.848956942825542e-16
AEWAZDZZJLQUYVOVGBEUKSLXHQ5A,B0B3MMYHYW,2,8.966664917270694e-16
AEWAZDZZJLQUYVOVGBEUKSLXHQ5A,B08B42LWKN,3,7.897200497662627e-16
AEWAZDZZJLQUYVOVGBEUKSLXHQ5A,B00NH11PEY,4,5.375723351960702e-16
AEWAZDZZJLQUYVOVGBEUKSLXHQ5A,B09Q5P2MT3,5,4.520015570163059e-16
AEWAZDZZJLQUYVOVGBEUKSLXHQ5A,B0B15CPR37,6,4.168135895261384e-16
AEWAZDZZJLQUYVOVGBEUKSLXHQ5A,B014I8SSD0,7,3.7610880924114236e-16
AEWAZDZZJLQUYVOVGBEUKSLXHQ5A,B092BJMT8Q,8,3.4006095131007287e-16
AEWAZDZZJLQUYVOVGBEUKSLXHQ5A,B008IFXQFU,9,2.3910281688930275e-16
AEWAZDZZJLQUYVOVGBEUKSLXHQ5A,B00V4BGDKU,10,2.2950466650956667e-16
AEYJ5I6JZZPOJB6MGWRQOHRQLPSQ,B098NS6PVG,1,8.147850637752801e-16
AEYJ5I6JZZPOJB6MGWRQOHRQLPSQ,B09NJN8L25,2,3.8109403093350453e-16
AEYJ5I6JZZPOJB6MGWRQOHRQLPSQ,B082LSVT4B,3,3.272286866303944e-16
AEYJ5I6JZZPOJB6MGWRQOHRQLPSQ,B09F9YQQ7B,4,3.115668170333201e-16
AEYJ5I6JZZPOJB6MGWRQOHRQLPSQ,B08HDJ86NZ,5,3.0991245503459194e-16
AEYJ5I6JZZPOJB6MGWRQOHRQLPSQ,B0789LZTCJ,6,3.0290773498747633e-16
AEYJ5I6JZZPOJB6MGWRQOHRQLPSQ,B08Y1SJVV5,7,2.97038731273448e-16
AEYJ5I6JZZPOJB6MGWRQOHRQLPSQ,B09RFC46VP,8,2.924992336675543e-16
AEYJ5I6JZZPOJB6MGWRQOHRQLPSQ,B09Q5SWVBJ,9,2.6089254163713026e-16
AEYJ5I6JZZPOJB6MGWRQOHRQLPSQ,B07232M876,10,2.5070992036351667e-16
AEZ346GX3HJ4O4XNRPHCNHXQURMQ,B09NJN8L25,1,6.9633385913147155e-16
AEZ346GX3HJ4O4XNRPHCNHXQURMQ,B09RFC46VP,2,4.750519524029385e-16
AEZ346GX3HJ4O4XNRPHCNHXQURMQ,B092BJMT8Q,3,4.599938230039955e-16
AEZ346GX3HJ4O4XNRPHCNHXQURMQ,B0B15CPR37,4,3.512071696091233e-16
AEZ346GX3HJ4O4XNRPHCNHXQURMQ,B09NKZXMWJ,5,2.6462201279693955e-16
AEZ346GX3HJ4O4XNRPHCNHXQURMQ,B07LGT55SJ,6,2.590450083449224e-16
AEZ346GX3HJ4O4XNRPHCNHXQURMQ,B07KSMBL2H,7,2.586211552745905e-16
AEZ346GX3HJ4O4XNRPHCNHXQURMQ,B07JW1Y6XV,8,1.9603288906941525e-16
AEZ346GX3HJ4O4XNRPHCNHXQURMQ,B014I8SSD0,9,1.678792215910496e-16
AEZ346GX3HJ4O4XNRPHCNHXQURMQ,B07XLCFSSN,10,1.5813384991008725e-16
AF2544C4RGIBQX7Y4JMKMSMXMRRQ,B014I8SSD0,1,3.442179569689906e-16
AF2544C4RGIBQX7Y4JMKMSMXMRRQ,B09Q5SWVBJ,2,3.122273762710297e-16
AF2544C4RGIBQX7Y4JMKMSMXMRRQ,B0B15CPR37,3,2.0995700161013752e-16
AF2544C4RGIBQX7Y4JMKMSMXMRRQ,B0141EZMAI,4,1.8175014407940814e-16
AF2544C4RGIBQX7Y4JMKMSMXMRRQ,B098NS6PVG,5,1.6900639208830843e-16
AF2544C4RGIBQX7Y4JMKMSMXMRRQ,B077Z65HSD,6,1.586490958506597e-16
AF2544C4RGIBQX7Y4JMKMSMXMRRQ,B09F9YQQ7B,7,1.525042472438481e-16
AF2544C4RGIBQX7Y4JMKMSMXMRRQ,B07JH1C41D,8,1.520906729694086e-16
AF2544C4RGIBQX7Y4JMKMSMXMRRQ,B09NJN8L25,9,1.3769115221856053e-16
AF2544C4RGIBQX7Y4JMKMSMXMRRQ,B0789LZTCJ,10,1.215122906250525e-16
AF355FTXYAKFH5NYPRTE7SL3WO3Q,B07JW1Y6XV,1,6.264704836456174e-16
AF355FTXYAKFH5NYPRTE7SL3WO3Q,B092BJMT8Q,2,5.845650055233364e-16
AF355FTXYAKFH5NYPRTE7SL3WO3Q,B014I8SSD0,3,5.179057388166685e-16
AF355FTXYAKFH5NYPRTE7SL3WO3Q,B082LZGK39,4,5.095843164695684e-16
AF355FTXYAKFH5NYPRTE7SL3WO3Q,B09Q5P2MT3,5,4.609531831289505e-16
AF355FTXYAKFH5NYPRTE7SL3WO3Q,B0088TKTY2,6,3.852614134364664e-16
AF355FTXYAKFH5NYPRTE7SL3WO3Q,B0789LZTCJ,7,3.517205684512848e-16
AF355FTXYAKFH5NYPRTE7SL3WO3Q,B09NHVCHS9,8,2.929079044148963e-16
AF355FTXYAKFH5NYPRTE7SL3WO3Q,B008FWZGSG,9,2.430992316906325e-16
AF355FTXYAKFH5NYPRTE7SL3WO3Q,B07XLCFSSN,10,2.3463412171808144e-16
AF35OXRSRJ335IGMNW5FYCJDLHOA,B09VCHLSJF,1,1.3489639069217034e-15
AF35OXRSRJ335IGMNW5FYCJDLHOA,B07232M876,2,4.1991400322027504e-16
AF35OXRSRJ335IGMNW5FYCJDLHOA,B082LZGK39,3,3.4292510393032594e-16
AF35OXRSRJ335IGMNW5FYCJDLHOA,B08HDH26JX,4,3.318642253186606e-16
AF35OXRSRJ335IGMNW5FYCJDLHOA,B08HDJ86NZ,5,2.5088147686680785e-16
AF35OXRSRJ335IGMNW5FYCJDLHOA,B00V4BGDKU,6,2.35826001271866e-16
AF35OXRSRJ335IGMNW5FYCJDLHOA,B09NJN8L25,7,2.088468970041522e-16
AF35OXRSRJ335IGMNW5FYCJDLHOA,B07MKFNHKG,8,1.7095476333711708e-16
AF35OXRSRJ335IGMNW5FYCJDLHOA,B0789LZTCJ,9,1.4994625706176068e-16
AF35OXRSRJ335IGMNW5FYCJDLHOA,B09NHVCHS9,10,1.4275922928354833e-16
AF5BU6DZ446HN4DTCO7W7AWXBJBA,B014I8SSD0,1,2.7797092078018076e-16
AF5BU6DZ446HN4DTCO7W7AWXBJBA,B0B1YZX72F,2,1.7447141003145008e-16
AF5BU6DZ446HN4DTCO7W7AWXBJBA,B07232M876,3,1.525042472438481e-16
AF5BU6DZ446HN4DTCO7W7AWXBJBA,B07XLCFSSN,4,1.225609955950382e-16
AF5BU6DZ446HN4DTCO7W7AWXBJBA,B09VCHLSJF,5,1.142168179878762e-16
AF5BU6DZ446HN4DTCO7W7AWXBJBA,B07GVGTSLN,6,8.646727934876012e-17
AF5BU6DZ446HN4DTCO7W7AWXBJBA,B0B3MMYHYW,7,8.520066653341294e-17
AF5BU6DZ446HN4DTCO7W7AWXBJBA,B0711PVX6Z,8,8.0795582113867e-17
AF5BU6DZ446HN4DTCO7W7AWXBJBA,B08Y1SJVV5,9,6.44375871439484e-17
AF5BU6DZ446HN4DTCO7W7AWXBJBA,B09RFC46VP,10,6.137201467340445e-17
AF5ILQY4KFDTO5XHHBJ42W5DXCZQ,B08HDJ86NZ,1,9.510913101733303e-16
AF5ILQY4KFDTO5XHHBJ42W5DXCZQ,B0B3MMYHYW,2,6.984095549578411e-16
AF5ILQY4KFDTO5XHHBJ42W5DXCZQ,B0789LZTCJ,3,5.477716837923444e-16
AF5ILQY4KFDTO5XHHBJ42W5DXCZQ,B0B1YVCJ2Y,4,4.912353364305097e-16
AF5ILQY4KFDTO5XHHBJ42W5DXCZQ,B08B42LWKN,5,4.90210768656621e-16
AF5ILQY4KFDTO5XHHBJ42W5DXCZQ,B08Y1TFSP6,6,4.477236303978795e-16
AF5ILQY4KFDTO5XHHBJ42W5DXCZQ,B098NS6PVG,7,4.3387269956095803e-16
AF5ILQY4KFDTO5XHHBJ42W5DXCZQ,B0088TKTY2,8,4.1633363423443355e-16
AF5ILQY4KFDTO5XHHBJ42W5DXCZQ,B09F9YQQ7B,9,3.4894282006290016e-16
AF5ILQY4KFDTO5XHHBJ42W5DXCZQ,B014I8SX4Y,10,3.347409875420954e-16
AF64ON4HPPVD43H6PK3CHPTTYSSQ,B09VCHLSJF,1,1.3489639069217034e-15
AF64ON4HPPVD43H6PK3CHPTTYSSQ,B07232M876,2,4.1991400322027504e-16
AF64ON4HPPVD43H6PK3CHPTTYSSQ,B082LZGK39,3,3.4292510393032594e-16
AF64ON4HPPVD43H6PK3CHPTTYSSQ,B08HDH26JX,4,3.318642253186606e-16
AF64ON4HPPVD43H6PK3CHPTTYSSQ,B08HDJ86NZ,5,2.5088147686680785e-16
AF64ON4HPPVD43H6PK3CHPTTYSSQ,B00V4BGDKU,6,2.35826001271866e-16
AF64ON4HPPVD43H6PK3CHPTTYSSQ,B09NJN8L25,7,2.088468970041522e-16
AF64ON4HPPVD43H6PK3CHPTTYSSQ,B07MKFNHKG,8,1.7095476333711708e-16
AF64ON4HPPVD43H6PK3CHPTTYSSQ,B0789LZTCJ,9,1.4994625706176068e-16
AF64ON4HPPVD43H6PK3CHPTTYSSQ,B09NHVCHS9,10,1.4275922928354833e-16
AF6XISKAQXTX3Q5RUF2M2VKOJ66A,B08Y1SJVV5,1,7.899538600467727e-16
AF6XISKAQXTX3Q5RUF2M2VKOJ66A,B0B15CPR37,2,6.744819534608517e-16
AF6XISKAQXTX3Q5RUF2M2VKOJ66A,B09Q5P2MT3,3,3.3826673235988353e-16
AF6XISKAQXTX3Q5RUF2M2VKOJ66A,B014I8SX4Y,4,3.317346899348658e-16
AF6XISKAQXTX3Q5RUF2M2VKOJ66A,B08Y1TFSP6,5,2.7994162039067244e-16
AF6XISKAQXTX3Q5RUF2M2VKOJ66A,B008IFXQFU,6,2.149049411809033e-16
AF6XISKAQXTX3Q5RUF2M2VKOJ66A,B07LGT55SJ,7,1.7164210796851648e-16
AF6XISKAQXTX3Q5RUF2M2VKOJ66A,B098NS6PVG,8,1.5835243003307593e-16
AF6XISKAQXTX3Q5RUF2M2VKOJ66A,B07KSMBL2H,9,1.577276547130354e-16
AF6XISKAQXTX3Q5RUF2M2VKOJ66A,B01M4GGIVU,10,1.4992316764536273e-16
AF7IXQKBUL6NEIQG4R53LMJJUGXQ,B014I8SSD0,1,3.442179569689906e-16
AF7IXQKBUL6NEIQG4R53LMJJUGXQ,B09Q5SWVBJ,2,3.122273762710297e-16
AF7IXQKBUL6NEIQG4R53LMJJUGXQ,B0B15CPR37,3,2.0995700161013752e-16
AF7IXQKBUL6NEIQG4R53LMJJUGXQ,B0141EZMAI,4,1.8175014407940814e-16
AF7IXQKBUL6NEIQG4R53LMJJUGXQ,B098NS6PVG,5,1.6900639208830843e-16
AF7IXQKBUL6NEIQG4R53LMJJUGXQ,B077Z65HSD,6,1.586490958506597e-16
AF7IXQKBUL6NEIQG4R53LMJJUGXQ,B09F9YQQ7B,7,1.525042472438481e-16
AF7IXQKBUL6NEIQG4R53LMJJUGXQ,B07JH1C41D,8,1.520906729694086e-16
AF7IXQKBUL6NEIQG4R53LMJJUGXQ,B09NJN8L25,9,1.3769115221856053e-16
AF7IXQKBUL6NEIQG4R53LMJJUGXQ,B0789LZTCJ,10,1.215122906250525e-16
AF7NDY2H6JVYTSQOZP76GCATQ34Q,B092BJMT8Q,1,3.1718747484628497e-16
AF7NDY2H6JVYTSQOZP76GCATQ34Q,B09VCHLSJF,2,2.7994162039067244e-16
AF7NDY2H6JVYTSQOZP76GCATQ34Q,B08HDH26JX,3,2.489136034607815e-16
AF7NDY2H6JVYTSQOZP76GCATQ34Q,B00V4BGDKU,4,2.4568581473843425e-16
AF7NDY2H6JVYTSQOZP76GCATQ34Q,B0B1YZX72F,5,2.2386181519893975e-16
AF7NDY2H6JVYTSQOZP76GCATQ34Q,B07JW9H4J1,6,2.0931036925646618e-16
AF7NDY2H6JVYTSQOZP76GCATQ34Q,B082LSVT4B,7,1.827061545136231e-16
AF7NDY2H6JVYTSQOZP76GCATQ34Q,B08B42LWKN,8,1.8245965019499764e-16
AF7NDY2H6JVYTSQOZP76GCATQ34Q,B0088TKTY2,9,1.6609977282476254e-16
AF7NDY2H6JVYTSQOZP76GCATQ34Q,B008IFXQFU,10,1.6113103045685943e-16
AFBK3X6D3AHEHSYYXPL4L6JEMSLQ,B08HDJ86NZ,1,9.510913101733303e-16
AFBK3X6D3AHEHSYYXPL4L6JEMSLQ,B0B3MMYHYW,2,6.984095549578411e-16
AFBK3X6D3AHEHSYYXPL4L6JEMSLQ,B0789LZTCJ,3,5.477716837923444e-16
AFBK3X6D3AHEHSYYXPL4L6JEMSLQ,B0B1YVCJ2Y,4,4.912353364305097e-16
AFBK3X6D3AHEHSYYXPL4L6JEMSLQ,B08B42LWKN,5,4.90210768656621e-16
AFBK3X6D3AHEHSYYXPL4L6JEMSLQ,B08Y1TFSP6,6,4.477236303978795e-16
AFBK3X6D3AHEHSYYXPL4L6JEMSLQ,B098NS6PVG,7,4.3387269956095803e-16
AFBK3X6D3AHEHSYYXPL4L6JEMSLQ,B0088TKTY2,8,4.1633363423443355e-16
AFBK3X6D3AHEHSYYXPL4L6JEMSLQ,B09F9YQQ7B,9,3.4894282006290016e-16
AFBK3X6D3AHEHSYYXPL4L6JEMSLQ,B014I8SX4Y,10,3.347409875420954e-16
AFC3FFC5PKFF5PMA52S3VCHOZ5FQ,B07JW1Y6XV,1,9.063552587148536e-16
AFC3FFC5PKFF5PMA52S3VCHOZ5FQ,B092BJMT8Q,2,5.178809322721695e-16
AFC3FFC5PKFF5PMA52S3VCHOZ5FQ,B09NHVCHS9,3,3.523393590576133e-16
AFC3FFC5PKFF5PMA52S3VCHOZ5FQ,B0789LZTCJ,4,2.9999602721050197e-16
AFC3FFC5PKFF5PMA52S3VCHOZ5FQ,B09Q5P2MT3,5,2.669968736900754e-16
AFC3FFC5PKFF5PMA52S3VCHOZ5FQ,B0B1YZX72F,6,2.3171782407156055e-16
AFC3FFC5PKFF5PMA52S3VCHOZ5FQ,B0088TKTY2,7,2.315257919425243e-16
AFC3FFC5PKFF5PMA52S3VCHOZ5FQ,B0711PVX6Z,8,2.2293578390849345e-16
AFC3FFC5PKFF5PMA52S3VCHOZ5FQ,B07B275VN9,9,1.72115039014218e-16
AFC3FFC5PKFF5PMA52S3VCHOZ5FQ,B08Y1SJVV5,10,1.366279958956273e-16
AFHROSCGIXUPV3FYQ7H5QOD46Q7Q,B0088TKTY2,1,6.788713460238969e-16
AFHROSCGIXUPV3FYQ7H5QOD46Q7Q,B09NKZXMWJ,2,6.195197034138706e-16
AFHROSCGIXUPV3FYQ7H5QOD46Q7Q,B082LSVT4B,3,5.321262869303366e-16
AFHROSCGIXUPV3FYQ7H5QOD46Q7Q,B07KSMBL2H,4,4.185132575585471e-16
AFHROSCGIXUPV3FYQ7H5QOD46Q7Q,B0711PVX6Z,5,3.913735569545668e-16
AFHROSCGIXUPV3FYQ7H5QOD46Q7Q,B098NS6PVG,6,3.8545003182108523e-16
AFHROSCGIXUPV3FYQ7H5QOD46Q7Q,B014I8SSD0,7,3.837465129638003e-16
AFHROSCGIXUPV3FYQ7H5QOD46Q7Q,B077Z65HSD,8,3.702746262404844e-16
AFHROSCGIXUPV3FYQ7H5QOD46Q7Q,B014I8SX4Y,9,2.7270479749561566e-16
AFHROSCGIXUPV3FYQ7H5QOD46Q7Q,B0B15CPR37,10,2.4718267778562436e-16
AFJIYRZTBOJBOWYQ5RNA36DBBXOA,B014I8SSD0,1,5.559418415603615e-16
AFJIYRZTBOJBOWYQ5RNA36DBBXOA,B0B1YZX72F,2,3.4894282006290016e-16
AFJIYRZTBOJBOWYQ5RNA36DBBXOA,B07232M876,3,3.050084944876962e-16
AFJIYRZTBOJBOWYQ5RNA36DBBXOA,B07XLCFSSN,4,2.451219911900764e-16
AFJIYRZTBOJBOWYQ5RNA36DBBXOA,B09VCHLSJF,5,2.284336359757524e-16
AFJIYRZTBOJBOWYQ5RNA36DBBXOA,B07GVGTSLN,6,1.7293455869752024e-16
AFJIYRZTBOJBOWYQ5RNA36DBBXOA,B0B3MMYHYW,7,1.7040133306682587e-16
AFJIYRZTBOJBOWYQ5RNA36DBBXOA,B0711PVX6Z,8,1.61591164227734e-16
AFJIYRZTBOJBOWYQ5RNA36DBBXOA,B08Y1SJVV5,9,1.288751742878968e-16
AFJIYRZTBOJBOWYQ5RNA36DBBXOA,B09RFC46VP,10,1.227440293468089e-16
AFMECPERM2GI2XQJSBWEPZKODISQ,B08HDJ86NZ,1,4.755456550866651e-16
AFMECPERM2GI2XQJSBWEPZKODISQ,B0B3MMYHYW,2,3.4920477747892056e-16
AFMECPERM2GI2XQJSBWEPZKODISQ,B0789LZTCJ,3,2.738858418961722e-16
AFMECPERM2GI2XQJSBWEPZKODISQ,B0B1YVCJ2Y,4,2.4561766821525487e-16
AFMECPERM2GI2XQJSBWEPZKODISQ,B08B42LWKN,5,2.451053843283105e-16
AFMECPERM2GI2XQJSBWEPZKODISQ,B08Y1TFSP6,6,2.2386181519893975e-16
AFMECPERM2GI2XQJSBWEPZKODISQ,B098NS6PVG,7,2.1693634978047901e-16
AFMECPERM2GI2XQJSBWEPZKODISQ,B0088TKTY2,8,2.0816681711721678e-16
AFMECPERM2GI2XQJSBWEPZKODISQ,B09F9YQQ7B,9,1.7447141003145008e-16
AFMECPERM2GI2XQJSBWEPZKODISQ,B014I8SX4Y,10,1.673704937710477e-16
AFMIFTNTUD5PIHGONWOTRMMZ5EBA,B09VCHLSJF,1,2.149049411809033e-16
AFMIFTNTUD5PIHGONWOTRMMZ5EBA,B08Y1TFSP6,2,1.6113103045685943e-16
AFMIFTNTUD5PIHGONWOTRMMZ5EBA,B098NS6PVG,3,1.563408388433815e-16
AFMIFTNTUD5PIHGONWOTRMMZ5EBA,B07XLCFSSN,4,1.1831376063884503e-16
AFMIFTNTUD5PIHGONWOTRMMZ5EBA,B08HDH26JX,5,1.0219696171362378e-16
AFMIFTNTUD5PIHGONWOTRMMZ5EBA,B0711PVX6Z,6,9.89724232563399e-17
AFMIFTNTUD5PIHGONWOTRMMZ5EBA,B082LSVT4B,7,8.94419660048532e-17
AFMIFTNTUD5PIHGONWOTRMMZ5EBA,B07B275VN9,8,8.691515174231572e-17
AFMIFTNTUD5PIHGONWOTRMMZ5EBA,B0B1YZX72F,9,8.649815166123342e-17
AFMIFTNTUD5PIHGONWOTRMMZ5EBA,B08Y1SJVV5,10,8.359625164035227e-17
AFNB6YVNGE6IT3AWQVSIG2TJ5L3Q,B014I8SX4Y,1,5.416323381288381e-16
AFNB6YVNGE6IT3AWQVSIG2TJ5L3Q,B098NS6PVG,2,4.769976213673081e-16
AFNB6YVNGE6IT3AWQVSIG2TJ5L3Q,B0B1YZX72F,3,2.4561766821525487e-16
AFNB6YVNGE6IT3AWQVSIG2TJ5L3Q,B08HDH26JX,4,2.2782537529330346e-16
AFNB6YVNGE6IT3AWQVSIG2TJ5L3Q,B09RFC46VP,5,1.0280100067646879e-16
AFNB6YVNGE6IT3AWQVSIG2TJ5L3Q,B077Z65HSD,6,1.0213969917070182e-16
AFNB6YVNGE6IT3AWQVSIG2TJ5L3Q,B09NKZXMWJ,7,8.538292444025409e-17
AFNB6YVNGE6IT3AWQVSIG2TJ5L3Q,B09VCHLSJF,8,7.86204202589502e-17
AFNB6YVNGE6IT3AWQVSIG2TJ5L3Q,B092BJMT8Q,9,7.720705314222906e-17
AFNB6YVNGE6IT3AWQVSIG2TJ5L3Q,B0B3MMYHYW,10,7.534207188083479e-17
AFNWJUWJRHCC6HN52KMG5AKZY37Q,B0B3MMYHYW,1,9.28699240929286e-16
AFNWJUWJRHCC6HN52KMG5AKZY37Q,B09Q5SWVBJ,2,9.122814182179763e-16
AFNWJUWJRHCC6HN52KMG5AKZY37Q,B08B42LWKN,3,7.007858744500792e-16
AFNWJUWJRHCC6HN52KMG5AKZY37Q,B0B1YZX72F,4,5.431544233051246e-16
AFNWJUWJRHCC6HN52KMG5AKZY37Q,B0B15CPR37,5,4.573049637520648e-16
AFNWJUWJRHCC6HN52KMG5AKZY37Q,B0B1YVCJ2Y,6,3.9955505301946676e-16
AFNWJUWJRHCC6HN52KMG5AKZY37Q,B08Y1TFSP6,7,3.0782483208186636e-16
AFNWJUWJRHCC6HN52KMG5AKZY37Q,B00NH11PEY,8,3.0342364256980486e-16
AFNWJUWJRHCC6HN52KMG5AKZY37Q,B008IFXQFU,9,2.728468510150871e-16
AFNWJUWJRHCC6HN52KMG5AKZY37Q,B0789LZTCJ,10,2.6928057697035603e-16
AFODI4XXHXHBFFUHK7N5LVKWEXTQ,B014I8SSD0,1,6.884359139379812e-16
AFODI4XXHXHBFFUHK7N5LVKWEXTQ,B09Q5SWVBJ,2,6.244547525420594e-16
AFODI4XXHXHBFFUHK7N5LVKWEXTQ,B0B15CPR37,3,4.1991400322027504e-16
AFODI4XXHXHBFFUHK7N5LVKWEXTQ,B0141EZMAI,4,3.635002881588163e-16
AFODI4XXHXHBFFUHK7N5LVKWEXTQ,B098NS6PVG,5,3.3801278417661685e-16
AFODI4XXHXHBFFUHK7N5LVKWEXTQ,B077Z65HSD,6,3.172981917013194e-16
AFODI4XXHXHBFFUHK7N5LVKWEXTQ,B09F9YQQ7B,7,3.050084944876962e-16
AFODI4XXHXHBFFUHK7N5LVKWEXTQ,B07JH1C41D,8,3.041813459388172e-16
AFODI4XXHXHBFFUHK7N5LVKWEXTQ,B09NJN8L25,9,2.7538230443712105e-16
AFODI4XXHXHBFFUHK7N5LVKWEXTQ,B0789LZTCJ,10,2.43024581250105e-16
AFPHD2CRPDZMWMBL7WXRSVYWS5JA,B014I8SSD0,1,9.629317941587661e-16
AFPHD2CRPDZMWMBL7WXRSVYWS5JA,B09NHVCHS9,2,6.771918956543759e-16
AFPHD2CRPDZMWMBL7WXRSVYWS5JA,B07KSMBL2H,3,5.063106428772956e-16
AFPHD2CRPDZMWMBL7WXRSVYWS5JA,B08Y1TFSP6,4,4.712882162515493e-16
AFPHD2CRPDZMWMBL7WXRSVYWS5JA,B00NH11PEY,5,4.669187316530164e-16
AFPHD2CRPDZMWMBL7WXRSVYWS5JA,B0B1YZX72F,6,4.52837653020466e-16
AFPHD2CRPDZMWMBL7WXRSVYWS5JA,B008IFXQFU,7,3.3522477085308767e-16
AFPHD2CRPDZMWMBL7WXRSVYWS5JA,B07JH1C41D,8,2.847654570368687e-16
AFPHD2CRPDZMWMBL7WXRSVYWS5JA,B07XLCFSSN,9,2.721470447918416e-16
AFPHD2CRPDZMWMBL7WXRSVYWS5JA,B07KRCW6LZ,10,2.6000136869212525e-16
AFSII6HTAHTHGXERUNDOISNWZUNQ,B09Q5SWVBJ,1,7.560941046411495e-16
AFSII6HTAHTHGXERUNDOISNWZUNQ,B07JH1C41D,2,3.495492217219876e-16
AFSII6HTAHTHGXERUNDOISNWZUNQ,B08Y1TFSP6,3,3.1718747484628497e-16
AFSII6HTAHTHGXERUNDOISNWZUNQ,B082LZGK39,4,3.127580977350918e-16
AFSII6HTAHTHGXERUNDOISNWZUNQ,B09NKZXMWJ,5,3.0954350008669094e-16
AFSII6HTAHTHGXERUNDOISNWZUNQ,B08HDJ86NZ,6,2.774128425306309e-16
AFSII6HTAHTHGXERUNDOISNWZUNQ,B014I8SSD0,7,9.784703266824153e-17
AFSII6HTAHTHGXERUNDOISNWZUNQ,B09VCHLSJF,8,9.629677715635527e-17
AFSII6HTAHTHGXERUNDOISNWZUNQ,B07KSMBL2H,9,8.946730970969764e-17
AFSII6HTAHTHGXERUNDOISNWZUNQ,B07MKFNHKG,10,8.245250898317282e-17
AFSMISGEYDYIP3Z42UTQU4AKOYZQ,B014I8SX4Y,1,5.416323381288381e-16
AFSMISGEYDYIP3Z42UTQU4AKOYZQ,B098NS6PVG,2,4.769976213673081e-16
AFSMISGEYDYIP3Z42UTQU4AKOYZQ,B0B1YZX72F,3,2.4561766821525487e-16
AFSMISGEYDYIP3Z42UTQU4AKOYZQ,B08HDH26JX,4,2.2782537529330346e-16
AFSMISGEYDYIP3Z42UTQU4AKOYZQ,B09RFC46VP,5,1.0280100067646879e-16
AFSMISGEYDYIP3Z42UTQU4AKOYZQ,B077Z65HSD,6,1.0213969917070182e-16
AFSMISGEYDYIP3Z42UTQU4AKOYZQ,B09NKZXMWJ,7,8.538292444025409e-17
AFSMISGEYDYIP3Z42UTQU4AKOYZQ,B09VCHLSJF,8,7.86204202589502e-17
AFSMISGEYDYIP3Z42UTQU4AKOYZQ,B092BJMT8Q,9,7.720705314222906e-17
AFSMISGEYDYIP3Z42UTQU4AKOYZQ,B0B3MMYHYW,10,7.534207188083479e-17
AFSTSLQUV4EVEXWKBOLEFHL2H5YQ,B0B3MMYHYW,1,6.084552442187848e-16
AFSTSLQUV4EVEXWKBOLEFHL2H5YQ,B0B1YZX72F,2,5.093500391958971e-16
AFSTSLQUV4EVEXWKBOLEFHL2H5YQ,B08B42LWKN,3,4.96835308072114e-16
AFSTSLQUV4EVEXWKBOLEFHL2H5YQ,B09Q5SWVBJ,4,3.5795433535946965e-16
AFSTSLQUV4EVEXWKBOLEFHL2H5YQ,B0B15CPR37,5,2.9137285109273443e-16
AFSTSLQUV4EVEXWKBOLEFHL2H5YQ,B00NH11PEY,6,2.80331992588625e-16
AFSTSLQUV4EVEXWKBOLEFHL2H5YQ,B0B1YVCJ2Y,7,1.7172967772616336e-16
AFSTSLQUV4EVEXWKBOLEFHL2H5YQ,B008IFXQFU,8,1.7064988930146327e-16
AFSTSLQUV4EVEXWKBOLEFHL2H5YQ,B014I8SSD0,9,1.4099637766737435e-16
AFSTSLQUV4EVEXWKBOLEFHL2H5YQ,B0789LZTCJ,10,1.402009871196245e-16
AFUT7ANZTZYGLXU65EQ2D5OP6UMA,B08HDJ86NZ,1,6.696808600534986e-16
AFUT7ANZTZYGLXU65EQ2D5OP6UMA,B0789LZTCJ,2,6.032269770614344e-16
AFUT7ANZTZYGLXU65EQ2D5OP6UMA,B09VCHLSJF,3,4.878563765286369e-16
AFUT7ANZTZYGLXU65EQ2D5OP6UMA,B07JH1C41D,4,4.471231376299077e-16
AFUT7ANZTZYGLXU65EQ2D5OP6UMA,B09NKZXMWJ,5,4.4115780110313624e-16
AFUT7ANZTZYGLXU65EQ2D5OP6UMA,B0711PVX6Z,6,4.369674154962708e-16
AFUT7ANZTZYGLXU65EQ2D5OP6UMA,B077Z65HSD,7,3.9547043553062666e-16
AFUT7ANZTZYGLXU65EQ2D5OP6UMA,B082LZGK39,8,3.7753031907258897e-16
AFUT7ANZTZYGLXU65EQ2D5OP6UMA,B07B275VN9,9,3.4190564890025386e-16
AFUT7ANZTZYGLXU65EQ2D5OP6UMA,B002PD61Y4,10,3.324051534591166e-16
AFV7ZA733ZLME4KNLZPMPCBUNPPA,B092BJMT8Q,1,3.1718747484628497e-16
AFV7ZA733ZLME4KNLZPMPCBUNPPA,B09VCHLSJF,2,2.7994162039067244e-16
AFV7ZA733ZLME4KNLZPMPCBUNPPA,B08HDH26JX,3,2.489136034607815e-16
AFV7ZA733ZLME4KNLZPMPCBUNPPA,B00V4BGDKU,4,2.4568581473843425e-16
AFV7ZA733ZLME4KNLZPMPCBUNPPA,B0B1YZX72F,5,2.2386181519893975e-16
AFV7ZA733ZLME4KNLZPMPCBUNPPA,B07JW9H4J1,6,2.0931036925646618e-16
AFV7ZA733ZLME4KNLZPMPCBUNPPA,B082LSVT4B,7,1.827061545136231e-16
AFV7ZA733ZLME4KNLZPMPCBUNPPA,B08B42LWKN,8,1.8245965019499764e-16
AFV7ZA733ZLME4KNLZPMPCBUNPPA,B0088TKTY2,9,1.6609977282476254e-16
AFV7ZA733ZLME4KNLZPMPCBUNPPA,B008IFXQFU,10,1.6113103045685943e-16
AFW6NV5N3FUXV3CNUACPSYC5AB3Q,B09Q5SWVBJ,1,9.19190164391542e-16
AFW6NV5N3FUXV3CNUACPSYC5AB3Q,B014I8SSD0,2,7.037713722182221e-16
AFW6NV5N3FUXV3CNUACPSYC5AB3Q,B0141EZMAI,3,4.767366781568055e-16
AFW6NV5N3FUXV3CNUACPSYC5AB3Q,B0B15CPR37,4,4.733113797900418e-16
AFW6NV5N3FUXV3CNUACPSYC5AB3Q,B09F9YQQ7B,5,3.8580407660156295e-16
AFW6NV5N3FUXV3CNUACPSYC5AB3Q,B07JH1C41D,6,3.517956991434927e-16
AFW6NV5N3FUXV3CNUACPSYC5AB3Q,B098NS6PVG,7,3.3891685519196715e-16
AFW6NV5N3FUXV3CNUACPSYC5AB3Q,B09NJN8L25,8,3.3786567320352794e-16
AFW6NV5N3FUXV3CNUACPSYC5AB3Q,B077Z65HSD,9,3.148215181287938e-16
AFW6NV5N3FUXV3CNUACPSYC5AB3Q,B0789LZTCJ,10,2.345337961450678e-16
AFY5TVFOMVHGBPBTIJODYDQRZM5Q,B098NS6PVG,1,5.283082272121249e-16
AFY5TVFOMVHGBPBTIJODYDQRZM5Q,B01GGKZ0V6,2,4.236044864116025e-16
AFY5TVFOMVHGBPBTIJODYDQRZM5Q,B09VCHLSJF,3,3.8560014229848713e-16
AFY5TVFOMVHGBPBTIJODYDQRZM5Q,B0B1YVCJ2Y,4,3.4618562819850173e-16
AFY5TVFOMVHGBPBTIJODYDQRZM5Q,B01M4GGIVU,5,3.4421011398630807e-16
AFY5TVFOMVHGBPBTIJODYDQRZM5Q,B09F9YQQ7B,6,2.886449473523955e-16
AFY5TVFOMVHGBPBTIJODYDQRZM5Q,B09NHVCHS9,7,2.456694934488301e-16
AFY5TVFOMVHGBPBTIJODYDQRZM5Q,B08Y1SJVV5,8,2.4392170183312324e-16
AFY5TVFOMVHGBPBTIJODYDQRZM5Q,B08HDJ86NZ,9,1.9935039567839935e-16
AFY5TVFOMVHGBPBTIJODYDQRZM5Q,B008FWZGSG,10,1.9096434616297674e-16
AG3D6O4STAQKAY2UVGEUV46KN35Q,B07LGT55SJ,1,4.4047411425758687e-16
AG3D6O4STAQKAY2UVGEUV46KN35Q,B09NKZXMWJ,2,3.2891134413439886e-16
AG3D6O4STAQKAY2UVGEUV46KN35Q,B092BJMT8Q,3,2.311495452099852e-16
AG3D6O4STAQKAY2UVGEUV46KN35Q,B08Y1SJVV5,4,2.277201292606875e-16
AG3D6O4STAQKAY2UVGEUV46KN35Q,B0789LZTCJ,5,2.0848247932246848e-16
AG3D6O4STAQKAY2UVGEUV46KN35Q,B09Q5P2MT3,6,1.6841787780618433e-16
AG3D6O4STAQKAY2UVGEUV46KN35Q,B09NHVCHS9,7,1.558244428037042e-16
AG3D6O4STAQKAY2UVGEUV46KN35Q,B00V4BGDKU,8,1.5436471368272693e-16
AG3D6O4STAQKAY2UVGEUV46KN35Q,B07232M876,9,1.4546524948355327e-16
AG3D6O4STAQKAY2UVGEUV46KN35Q,B0B3MMYHYW,10,1.2249276212969308e-16
AG4OGOFWXJZTQ2HKYIOCOY3KXF2Q,B07LGT55SJ,1,8.381868200840036e-16
AG4OGOFWXJZTQ2HKYIOCOY3KXF2Q,B092BJMT8Q,2,2.8683307399080325e-16
AG4OGOFWXJZTQ2HKYIOCOY3KXF2Q,B08Y1SJVV5,3,2.812619522296094e-16
AG4OGOFWXJZTQ2HKYIOCOY3KXF2Q,B09Q5P2MT3,4,2.748345917225994e-16
AG4OGOFWXJZTQ2HKYIOCOY3KXF2Q,B09NJN8L25,5,2.651779363174161e-16
AG4OGOFWXJZTQ2HKYIOCOY3KXF2Q,B09NKZXMWJ,6,2.434270513229685e-16
AG4OGOFWXJZTQ2HKYIOCOY3KXF2Q,B09RFC46VP,7,2.3586991831051246e-16
AG4OGOFWXJZTQ2HKYIOCOY3KXF2Q,B0B3MMYHYW,8,2.1726771247707725e-16
AG4OGOFWXJZTQ2HKYIOCOY3KXF2Q,B00V4BGDKU,9,1.8440696699108483e-16
AG4OGOFWXJZTQ2HKYIOCOY3KXF2Q,B09NHVCHS9,10,1.7480275123518968e-16
AG5DWPD54QGSLWJ6QUFERLPNAX4Q,B0088TKTY2,1,1.3612160561224573e-15
AG5DWPD54QGSLWJ6QUFERLPNAX4Q,B082LSVT4B,2,6.21196364238861e-16
AG5DWPD54QGSLWJ6QUFERLPNAX4Q,B07JH1C41D,3,4.869439953656335e-16
AG5DWPD54QGSLWJ6QUFERLPNAX4Q,B08HDH26JX,4,3.4532675463783674e-16
AG5DWPD54QGSLWJ6QUFERLPNAX4Q,B09VCHLSJF,5,3.2142506324397263e-16
AG5DWPD54QGSLWJ6QUFERLPNAX4Q,B014I8SX4Y,6,2.716247422090689e-16
AG5DWPD54QGSLWJ6QUFERLPNAX4Q,B098NS6PVG,7,2.6145545666260146e-16
AG5DWPD54QGSLWJ6QUFERLPNAX4Q,B09RFC46VP,8,2.476126819651381e-16
AG5DWPD54QGSLWJ6QUFERLPNAX4Q,B092BJMT8Q,9,2.4029551018918216e-16
AG5DWPD54QGSLWJ6QUFERLPNAX4Q,B014I8SSD0,10,2.2535310394001193e-16
AG5HTSFRRE6NL3M5SGCUQBP7YSCA,B09Q5P2MT3,1,8.23199120819075e-16
AG5HTSFRRE6NL3M5SGCUQBP7YSCA,B0B1YZX72F,2,7.494314969828364e-16
AG5HTSFRRE6NL3M5SGCUQBP7YSCA,B07LGT55SJ,3,4.490539754310572e-16
AG5HTSFRRE6NL3M5SGCUQBP7YSCA,B07JW1Y6XV,4,4.40363073932846e-16
AG5HTSFRRE6NL3M5SGCUQBP7YSCA,B09RFC46VP,5,4.36105597072706e-16
AG5HTSFRRE6NL3M5SGCUQBP7YSCA,B00NH11PEY,6,4.145931906882707e-16
AG5HTSFRRE6NL3M5SGCUQBP7YSCA,B09NJN8L25,7,4.047416074074608e-16
AG5HTSFRRE6NL3M5SGCUQBP7YSCA,B0B3MMYHYW,8,3.7337087748846836e-16
AG5HTSFRRE6NL3M5SGCUQBP7YSCA,B0088TKTY2,9,3.3639813205410465e-16
AG5HTSFRRE6NL3M5SGCUQBP7YSCA,B07KSMBL2H,10,3.093702264469608e-16
AG6WSLLXZY52HSQUY5PRCXTCYQYQ,B0789LZTCJ,1,5.40515938138506e-16
AG6WSLLXZY52HSQUY5PRCXTCYQYQ,B09Q5SWVBJ,2,3.31744162285809e-16
AG6WSLLXZY52HSQUY5PRCXTCYQYQ,B07KSMBL2H,3,2.1407791484374911e-16
AG6WSLLXZY52HSQUY5PRCXTCYQYQ,B082LSVT4B,4,1.7170568363625782e-16
AG6WSLLXZY52HSQUY5PRCXTCYQYQ,B07JW9H4J1,5,1.6273089334201331e-16
AG6WSLLXZY52HSQUY5PRCXTCYQYQ,B082LZGK39,6,1.5167313438334022e-16
AG6WSLLXZY52HSQUY5PRCXTCYQYQ,B08Y1TFSP6,7,1.4957839518860215e-16
AG6WSLLXZY52HSQUY5PRCXTCYQYQ,B09NHVCHS9,8,1.1995222984993718e-16
AG6WSLLXZY52HSQUY5PRCXTCYQYQ,B0B1YVCJ2Y,9,1.0280100067646879e-16
AG6WSLLXZY52HSQUY5PRCXTCYQYQ,B014I8SSD0,10,7.84213188238052e-17
AGAKDNBHY2FKX7I4ACRGILU7QL7A,B0B3MMYHYW,1,6.084552442187848e-16
AGAKDNBHY2FKX7I4ACRGILU7QL7A,B0B1YZX72F,2,5.093500391958971e-16
AGAKDNBHY2FKX7I4ACRGILU7QL7A,B08B42LWKN,3,4.96835308072114e-16
AGAKDNBHY2FKX7I4ACRGILU7QL7A,B09Q5SWVBJ,4,3.5795433535946965e-16
AGAKDNBHY2FKX7I4ACRGILU7QL7A,B0B15CPR37,5,2.9137285109273443e-16
AGAKDNBHY2FKX7I4ACRGILU7QL7A,B00NH11PEY,6,2.80331992588625e-16
AGAKDNBHY2FKX7I4ACRGILU7QL7A,B0B1YVCJ2Y,7,1.7172967772616336e-16
AGAKDNBHY2FKX7I4ACRGILU7QL7A,B008IFXQFU,8,1.7064988930146327e-16
AGAKDNBHY2FKX7I4ACRGILU7QL7A,B014I8SSD0,9,1.4099637766737435e-16
AGAKDNBHY2FKX7I4ACRGILU7QL7A,B0789LZTCJ,10,1.402009871196245e-16
AGCRCU432TIF4J2EL7GBEWOIULGQ,B08HDH26JX,1,7.582776492364719e-16
AGCRCU432TIF4J2EL7GBEWOIULGQ,B092BJMT8Q,2,4.680197281161606e-16
AGCRCU432TIF4J2EL7GBEWOIULGQ,B07232M876,3,4.2819570830799657e-16
AGCRCU432TIF4J2EL7GBEWOIULGQ,B07LGT55SJ,4,3.977124879102119e-16
AGCRCU432TIF4J2EL7GBEWOIULGQ,B0B3MMYHYW,5,3.6023718422832825e-16
AGCRCU432TIF4J2EL7GBEWOIULGQ,B09RFC46VP,6,3.583037449857522e-16
AGCRCU432TIF4J2EL7GBEWOIULGQ,B07KSMBL2H,7,2.448860470999762e-16
AGCRCU432TIF4J2EL7GBEWOIULGQ,B0711PVX6Z,8,2.251138608841946e-16
AGCRCU432TIF4J2EL7GBEWOIULGQ,B002PD61Y4,9,2.150250001533209e-16
AGCRCU432TIF4J2EL7GBEWOIULGQ,B07MKFNHKG,10,2.0534349604326395e-16
AGCRWRS4RJYVGVKINV3VAR4CGDWA,B0789LZTCJ,1,5.40515938138506e-16
AGCRWRS4RJYVGVKINV3VAR4CGDWA,B09Q5SWVBJ,2,3.31744162285809e-16
AGCRWRS4RJYVGVKINV3VAR4CGDWA,B07KSMBL2H,3,2.1407791484374911e-16
AGCRWRS4RJYVGVKINV3VAR4CGDWA,B082LSVT4B,4,1.7170568363625782e-16
AGCRWRS4RJYVGVKINV3VAR4CGDWA,B07JW9H4J1,5,1.6273089334201331e-16
AGCRWRS4RJYVGVKINV3VAR4CGDWA,B082LZGK39,6,1.5167313438334022e-16
AGCRWRS4RJYVGVKINV3VAR4CGDWA,B08Y1TFSP6,7,1.4957839518860215e-16
AGCRWRS4RJYVGVKINV3VAR4CGDWA,B09NHVCHS9,8,1.1995222984993718e-16
AGCRWRS4RJYVGVKINV3VAR4CGDWA,B0B1YVCJ2Y,9,1.0280100067646879e-16
AGCRWRS4RJYVGVKINV3VAR4CGDWA,B014I8SSD0,10,7.84213188238052e-17
AGDOVGWZKEQ3M6DA2GHV6WUZT5SA,B08Y1SJVV5,1,7.899538600467727e-16
AGDOVGWZKEQ3M6DA2GHV6WUZT5SA,B0B15CPR37,2,6.744819534608517e-16
AGDOVGWZKEQ3M6DA2GHV6WUZT5SA,B09Q5P2MT3,3,3.3826673235988353e-16
AGDOVGWZKEQ3M6DA2GHV6WUZT5SA,B014I8SX4Y,4,3.317346899348658e-16
AGDOVGWZKEQ3M6DA2GHV6WUZT5SA,B08Y1TFSP6,5,2.7994162039067244e-16
AGDOVGWZKEQ3M6DA2GHV6WUZT5SA,B008IFXQFU,6,2.149049411809033e-16
AGDOVGWZKEQ3M6DA2GHV6WUZT5SA,B07LGT55SJ,7,1.7164210796851648e-16
AGDOVGWZKEQ3M6DA2GHV6WUZT5SA,B098NS6PVG,8,1.5835243003307593e-16
AGDOVGWZKEQ3M6DA2GHV6WUZT5SA,B07KSMBL2H,9,1.577276547130354e-16
AGDOVGWZKEQ3M6DA2GHV6WUZT5SA,B01M4GGIVU,10,1.4992316764536273e-16
AGEUXHN7U2Q26CM6TFOTW7GZXFXQ,B08Y1SJVV5,1,1.5799077200935454e-15
AGEUXHN7U2Q26CM6TFOTW7GZXFXQ,B0B15CPR37,2,1.3489639069217034e-15
AGEUXHN7U2Q26CM6TFOTW7GZXFXQ,B09Q5P2MT3,3,6.765334647197671e-16
AGEUXHN7U2Q26CM6TFOTW7GZXFXQ,B014I8SX4Y,4,6.634693798697316e-16
AGEUXHN7U2Q26CM6TFOTW7GZXFXQ,B08Y1TFSP6,5,5.598832407813449e-16
AGEUXHN7U2Q26CM6TFOTW7GZXFXQ,B008IFXQFU,6,4.298098823618066e-16
AGEUXHN7U2Q26CM6TFOTW7GZXFXQ,B07LGT55SJ,7,3.4328421593703295e-16
AGEUXHN7U2Q26CM6TFOTW7GZXFXQ,B098NS6PVG,8,3.1670486006615187e-16
AGEUXHN7U2Q26CM6TFOTW7GZXFXQ,B07KSMBL2H,9,3.154553094260708e-16
AGEUXHN7U2Q26CM6TFOTW7GZXFXQ,B01M4GGIVU,10,2.9984633529072547e-16
AGGKMIGXUM3JRNVY7HZ3JHPJ7WTQ,B08HDJ86NZ,1,9.510913101733303e-16
AGGKMIGXUM3JRNVY7HZ3JHPJ7WTQ,B0B3MMYHYW,2,6.984095549578411e-16
AGGKMIGXUM3JRNVY7HZ3JHPJ7WTQ,B0789LZTCJ,3,5.477716837923444e-16
AGGKMIGXUM3JRNVY7HZ3JHPJ7WTQ,B0B1YVCJ2Y,4,4.912353364305097e-16
AGGKMIGXUM3JRNVY7HZ3JHPJ7WTQ,B08B42LWKN,5,4.90210768656621e-16
AGGKMIGXUM3JRNVY7HZ3JHPJ7WTQ,B08Y1TFSP6,6,4.477236303978795e-16
AGGKMIGXUM3JRNVY7HZ3JHPJ7WTQ,B098NS6PVG,7,4.3387269956095803e-16
AGGKMIGXUM3JRNVY7HZ3JHPJ7WTQ,B0088TKTY2,8,4.1633363423443355e-16
AGGKMIGXUM3JRNVY7HZ3JHPJ7WTQ,B09F9YQQ7B,9,3.4894282006290016e-16
AGGKMIGXUM3JRNVY7HZ3JHPJ7WTQ,B014I8SX4Y,10,3.347409875420954e-16
AGIC6PASSVB4T3KTZHK6ADD23GCA,B0789LZTCJ,1,5.40515938138506e-16
AGIC6PASSVB4T3KTZHK6ADD23GCA,B09Q5SWVBJ,2,3.31744162285809e-16
AGIC6PASSVB4T3KTZHK6ADD23GCA,B07KSMBL2H,3,2.1407791484374911e-16
AGIC6PASSVB4T3KTZHK6ADD23GCA,B082LSVT4B,4,1.7170568363625782e-16
AGIC6PASSVB4T3KTZHK6ADD23GCA,B07JW9H4J1,5,1.6273089334201331e-16
AGIC6PASSVB4T3KTZHK6ADD23GCA,B082LZGK39,6,1.5167313438334022e-16
AGIC6PASSVB4T3KTZHK6ADD23GCA,B08Y1TFSP6,7,1.4957839518860215e-16
AGIC6PASSVB4T3KTZHK6ADD23GCA,B09NHVCHS9,8,1.1995222984993718e-16
AGIC6PASSVB4T3KTZHK6ADD23GCA,B0B1YVCJ2Y,9,1.0280100067646879e-16
AGIC6PASSVB4T3KTZHK6ADD23GCA,B014I8SSD0,10,7.84213188238052e-17
AGKZVBLHK472MSGAAUABFRZL7SYQ,B09VCHLSJF,1,6.744819534608517e-16
AGKZVBLHK472MSGAAUABFRZL7SYQ,B07232M876,2,2.0995700161013752e-16
AGKZVBLHK472MSGAAUABFRZL7SYQ,B082LZGK39,3,1.7146255196516297e-16
AGKZVBLHK472MSGAAUABFRZL7SYQ,B08HDH26JX,4,1.659321126593303e-16
AGKZVBLHK472MSGAAUABFRZL7SYQ,B08HDJ86NZ,5,1.2544073843340393e-16
AGKZVBLHK472MSGAAUABFRZL7SYQ,B00V4BGDKU,6,1.17913000635933e-16
AGKZVBLHK472MSGAAUABFRZL7SYQ,B09NJN8L25,7,1.044234485020761e-16
AGKZVBLHK472MSGAAUABFRZL7SYQ,B07MKFNHKG,8,8.547738166855854e-17
AGKZVBLHK472MSGAAUABFRZL7SYQ,B0789LZTCJ,9,7.497312853088034e-17
AGKZVBLHK472MSGAAUABFRZL7SYQ,B09NHVCHS9,10,7.137961464177417e-17
AGNONTMQDE5KLLDEEB57Z3C5WAEA,B09Q5SWVBJ,1,5.894708236989643e-16
AGNONTMQDE5KLLDEEB57Z3C5WAEA,B07LGT55SJ,2,3.4113406864640416e-16
AGNONTMQDE5KLLDEEB57Z3C5WAEA,B09NHVCHS9,3,3.2889018818816037e-16
AGNONTMQDE5KLLDEEB57Z3C5WAEA,B014I8SX4Y,4,2.944934030447694e-16
AGNONTMQDE5KLLDEEB57Z3C5WAEA,B08HDJ86NZ,5,2.5221297575361383e-16
AGNONTMQDE5KLLDEEB57Z3C5WAEA,B07KRCW6LZ,6,2.394107836917182e-16
AGNONTMQDE5KLLDEEB57Z3C5WAEA,B0141EZMAI,7,2.2647277999597854e-16
AGNONTMQDE5KLLDEEB57Z3C5WAEA,B01GGKZ0V6,8,2.0314725200009705e-16
AGNONTMQDE5KLLDEEB57Z3C5WAEA,B008IFXQFU,9,1.979448465126798e-16
AGNONTMQDE5KLLDEEB57Z3C5WAEA,B07232M876,10,1.851666575763684e-16
AGO4OKG6KVBAAE52Q62JBKHRDFFQ,B0B1YZX72F,1,3.4920477747892056e-16
AGO4OKG6KVBAAE52Q62JBKHRDFFQ,B08HDH26JX,2,3.202439967105007e-16
AGO4OKG6KVBAAE52Q62JBKHRDFFQ,B08HDJ86NZ,3,2.882112475082845e-16
AGO4OKG6KVBAAE52Q62JBKHRDFFQ,B08B42LWKN,4,2.740488007244445e-16
AGO4OKG6KVBAAE52Q62JBKHRDFFQ,B07KSMBL2H,5,2.4612281023135306e-16
AGO4OKG6KVBAAE52Q62JBKHRDFFQ,B07MKFNHKG,6,1.695272202727672e-16
AGO4OKG6KVBAAE52Q62JBKHRDFFQ,B082LSVT4B,7,1.656674655127416e-16
AGO4OKG6KVBAAE52Q62JBKHRDFFQ,B01GGKYKQM,8,1.409138153536539e-16
AGO4OKG6KVBAAE52Q62JBKHRDFFQ,B002PD61Y4,9,1.1646056408975977e-16
AGO4OKG6KVBAAE52Q62JBKHRDFFQ,B09NHVCHS9,10,1.12181173117393e-16
AGOARJLTS744KQC3BTKT5KQVOJUA,B08Y1SJVV5,1,1.5799077200935454e-15
AGOARJLTS744KQC3BTKT5KQVOJUA,B0B15CPR37,2,1.3489639069217034e-15
AGOARJLTS744KQC3BTKT5KQVOJUA,B09Q5P2MT3,3,6.765334647197671e-16
AGOARJLTS744KQC3BTKT5KQVOJUA,B014I8SX4Y,4,6.634693798697316e-16
AGOARJLTS744KQC3BTKT5KQVOJUA,B08Y1TFSP6,5,5.598832407813449e-16
AGOARJLTS744KQC3BTKT5KQVOJUA,B008IFXQFU,6,4.298098823618066e-16
AGOARJLTS744KQC3BTKT5KQVOJUA,B07LGT55SJ,7,3.4328421593703295e-16
AGOARJLTS744KQC3BTKT5KQVOJUA,B098NS6PVG,8,3.1670486006615187e-16
AGOARJLTS744KQC3BTKT5KQVOJUA,B07KSMBL2H,9,3.154553094260708e-16
AGOARJLTS744KQC3BTKT5KQVOJUA,B01M4GGIVU,10,2.9984633529072547e-16
AGRVINWECNY7323CWFXZYYIZOFTQ,B092BJMT8Q,1,6.343749496925699e-16
AGRVINWECNY7323CWFXZYYIZOFTQ,B09VCHLSJF,2,5.598832407813449e-16
AGRVINWECNY7323CWFXZYYIZOFTQ,B08HDH26JX,3,4.97827206921563e-16
AGRVINWECNY7323CWFXZYYIZOFTQ,B00V4BGDKU,4,4.913716294768685e-16
AGRVINWECNY7323CWFXZYYIZOFTQ,B0B1YZX72F,5,4.477236303978795e-16
AGRVINWECNY7323CWFXZYYIZOFTQ,B07JW9H4J1,6,4.1862073851293236e-16
AGRVINWECNY7323CWFXZYYIZOFTQ,B082LSVT4B,7,3.654123090272462e-16
AGRVINWECNY7323CWFXZYYIZOFTQ,B08B42LWKN,8,3.649193003899953e-16
AGRVINWECNY7323CWFXZYYIZOFTQ,B0088TKTY2,9,3.321995456495251e-16
AGRVINWECNY7323CWFXZYYIZOFTQ,B008IFXQFU,10,3.2226206091371886e-16
AGT7YYJVUC6ZHRKQHVUQZMDNLXEA,B092BJMT8Q,1,1.0277395849199755e-15
AGT7YYJVUC6ZHRKQHVUQZMDNLXEA,B08HDH26JX,2,6.94602115180783e-16
AGT7YYJVUC6ZHRKQHVUQZMDNLXEA,B0711PVX6Z,3,6.605868255223587e-16
AGT7YYJVUC6ZHRKQHVUQZMDNLXEA,B002PD61Y4,4,6.115632993075131e-16
AGT7YYJVUC6ZHRKQHVUQZMDNLXEA,B07232M876,5,5.652772721127742e-16
AGT7YYJVUC6ZHRKQHVUQZMDNLXEA,B0141EZMAI,6,4.4180531641422485e-16
AGT7YYJVUC6ZHRKQHVUQZMDNLXEA,B09RFC46VP,7,4.07643407713543e-16
AGT7YYJVUC6ZHRKQHVUQZMDNLXEA,B0088TKTY2,8,3.4353525997818476e-16
AGT7YYJVUC6ZHRKQHVUQZMDNLXEA,B07KSMBL2H,9,3.201891555274774e-16
AGT7YYJVUC6ZHRKQHVUQZMDNLXEA,B09NJN8L25,10,2.55005966744548e-16
AGV3IEFANZCKECFGUM42MRH5FNOA,B09NHVCHS9,1,1.0053473482774484e-15
AGV3IEFANZCKECFGUM42MRH5FNOA,B09NKZXMWJ,2,7.117374156900177e-16
AGV3IEFANZCKECFGUM42MRH5FNOA,B0789LZTCJ,3,7.0761370045093005e-16
AGV3IEFANZCKECFGUM42MRH5FNOA,B09Q5SWVBJ,4,4.589377776831594e-16
AGV3IEFANZCKECFGUM42MRH5FNOA,B0B1YZX72F,5,4.1633363423443355e-16
AGV3IEFANZCKECFGUM42MRH5FNOA,B00V4BGDKU,6,3.928560382623261e-16
AGV3IEFANZCKECFGUM42MRH5FNOA,B08Y1TFSP6,7,3.321995456495251e-16
AGV3IEFANZCKECFGUM42MRH5FNOA,B002PD61Y4,8,3.2080691173936355e-16
AGV3IEFANZCKECFGUM42MRH5FNOA,B014I8SX4Y,9,3.1474609774007e-16
AGV3IEFANZCKECFGUM42MRH5FNOA,B082LZGK39,10,2.7873134210333643e-16
AGVIAQK2HQ47P7UVXHW2NBAEU7YQ,B098NS6PVG,1,1.26038513279504e-15
AGVIAQK2HQ47P7UVXHW2NBAEU7YQ,B09NJN8L25,2,6.59324883221586e-16
AGVIAQK2HQ47P7UVXHW2NBAEU7YQ,B07232M876,3,5.949278773325081e-16
AGVIAQK2HQ47P7UVXHW2NBAEU7YQ,B09F9YQQ7B,4,5.895377378135011e-16
AGVIAQK2HQ47P7UVXHW2NBAEU7YQ,B082LSVT4B,5,5.858945491998956e-16
AGVIAQK2HQ47P7UVXHW2NBAEU7YQ,B08HDJ86NZ,6,5.450248866083602e-16
AGVIAQK2HQ47P7UVXHW2NBAEU7YQ,B08Y1SJVV5,7,5.357577883455529e-16
AGVIAQK2HQ47P7UVXHW2NBAEU7YQ,B01M4GGIVU,8,4.959549917701918e-16
AGVIAQK2HQ47P7UVXHW2NBAEU7YQ,B01GGKZ0V6,9,4.053359523438623e-16
AGVIAQK2HQ47P7UVXHW2NBAEU7YQ,B0789LZTCJ,10,3.712452669888157e-16
AGWIGDEMFIIUAOXYY2QATNBSUGHA,B09Q5P2MT3,1,8.23199120819075e-16
AGWIGDEMFIIUAOXYY2QATNBSUGHA,B0B1YZX72F,2,7.494314969828364e-16
AGWIGDEMFIIUAOXYY2QATNBSUGHA,B07LGT55SJ,3,4.490539754310572e-16
AGWIGDEMFIIUAOXYY2QATNBSUGHA,B07JW1Y6XV,4,4.40363073932846e-16
AGWIGDEMFIIUAOXYY2QATNBSUGHA,B09RFC46VP,5,4.36105597072706e-16
AGWIGDEMFIIUAOXYY2QATNBSUGHA,B00NH11PEY,6,4.145931906882707e-16
AGWIGDEMFIIUAOXYY2QATNBSUGHA,B09NJN8L25,7,4.047416074074608e-16
AGWIGDEMFIIUAOXYY2QATNBSUGHA,B0B3MMYHYW,8,3.7337087748846836e-16
AGWIGDEMFIIUAOXYY2QATNBSUGHA,B0088TKTY2,9,3.3639813205410465e-16
AGWIGDEMFIIUAOXYY2QATNBSUGHA,B07KSMBL2H,10,3.093702264469608e-16
AGYHHIERNXKA6P5T7CZLXKVPT7IQ,B07JW1Y6XV,1,4.70068418083758e-16
AGYHHIERNXKA6P5T7CZLXKVPT7IQ,B09NJN8L25,2,2.3545457471972174e-16
AGYHHIERNXKA6P5T7CZLXKVPT7IQ,B092BJMT8Q,3,2.2401523933100016e-16
AGYHHIERNXKA6P5T7CZLXKVPT7IQ,B09NHVCHS9,4,1.9279012133763126e-16
AGYHHIERNXKA6P5T7CZLXKVPT7IQ,B08HDJ86NZ,5,1.6029120968129787e-16
AGYHHIERNXKA6P5T7CZLXKVPT7IQ,B0B1YZX72F,6,1.5638231989280785e-16
AGYHHIERNXKA6P5T7CZLXKVPT7IQ,B0711PVX6Z,7,1.3246147387975898e-16
AGYHHIERNXKA6P5T7CZLXKVPT7IQ,B07XLCFSSN,8,1.1312061283052568e-16
AGYHHIERNXKA6P5T7CZLXKVPT7IQ,B08Y1TFSP6,9,1.1139888184774168e-16
AGYHHIERNXKA6P5T7CZLXKVPT7IQ,B0088TKTY2,10,1.1131721289767532e-16
AGYYVPDD7YG7FYNBXNGXZJT525AQ,B014I8SSD0,1,1.1498660006090237e-15
AGYYVPDD7YG7FYNBXNGXZJT525AQ,B07KSMBL2H,2,8.0693281357193e-16
AGYYVPDD7YG7FYNBXNGXZJT525AQ,B09NHVCHS9,3,5.703289094978485e-16
AGYYVPDD7YG7FYNBXNGXZJT525AQ,B0B1YVCJ2Y,4,5.577438025464554e-16
AGYYVPDD7YG7FYNBXNGXZJT525AQ,B0B1YZX72F,5,5.5182335118095135e-16
AGYYVPDD7YG7FYNBXNGXZJT525AQ,B008IFXQFU,6,4.0212364369161635e-16
AGYYVPDD7YG7FYNBXNGXZJT525AQ,B08Y1TFSP6,7,3.944579689622292e-16
AGYYVPDD7YG7FYNBXNGXZJT525AQ,B00NH11PEY,8,3.6450458108450814e-16
AGYYVPDD7YG7FYNBXNGXZJT525AQ,B08B42LWKN,9,3.5415026177084664e-16
AGYYVPDD7YG7FYNBXNGXZJT525AQ,B07JH1C41D,10,3.5041312537998265e-16
AH2347WTE3DZ3TIZUB5LCLZPAYEQ,B08HDH26JX,1,9.622282156144378e-16
AH2347WTE3DZ3TIZUB5LCLZPAYEQ,B0B3MMYHYW,2,6.342859849527722e-16
AH2347WTE3DZ3TIZUB5LCLZPAYEQ,B07232M876,3,5.441640403449632e-16
AH2347WTE3DZ3TIZUB5LCLZPAYEQ,B07LGT55SJ,4,5.27664191352422e-16
AH2347WTE3DZ3TIZUB5LCLZPAYEQ,B0B1YZX72F,5,4.0329312629665764e-16
AH2347WTE3DZ3TIZUB5LCLZPAYEQ,B08HDJ86NZ,6,3.8939673588926034e-16
AH2347WTE3DZ3TIZUB5LCLZPAYEQ,B09RFC46VP,7,3.848633276856953e-16
AH2347WTE3DZ3TIZUB5LCLZPAYEQ,B08Y1TFSP6,8,3.5571951035048644e-16
AH2347WTE3DZ3TIZUB5LCLZPAYEQ,B098NS6PVG,9,3.5542783377356967e-16
AH2347WTE3DZ3TIZUB5LCLZPAYEQ,B08Y1SJVV5,10,2.4214852644866754e-16
AH2WGV2PEBUTICRPBEEVKF24G5LA,B09VCHLSJF,1,1.5799077200935454e-15
AH2WGV2PEBUTICRPBEEVKF24G5LA,B014I8SSD0,2,4.774381141442098e-16
AH2WGV2PEBUTICRPBEEVKF24G5LA,B07JH1C41D,3,3.0952953841194195e-16
AH2WGV2PEBUTICRPBEEVKF24G5LA,B07MKFNHKG,4,2.8289904605352945e-16
AH2WGV2PEBUTICRPBEEVKF24G5LA,B09Q5SWVBJ,5,2.5185814906473884e-16
AH2WGV2PEBUTICRPBEEVKF24G5LA,B00NH11PEY,6,2.112615539275246e-16
AH2WGV2PEBUTICRPBEEVKF24G5LA,B008IFXQFU,7,1.6719250328070453e-16
AH2WGV2PEBUTICRPBEEVKF24G5LA,B01GGKYKQM,8,1.5899997902785796e-16
AH2WGV2PEBUTICRPBEEVKF24G5LA,B082LSVT4B,9,1.4209983311014877e-16
AH2WGV2PEBUTICRPBEEVKF24G5LA,B0789LZTCJ,10,1.385130169812902e-16
AH4QT33M55677I7ISQOAKEQWACYQ,B09NJN8L25,1,7.633835763352829e-16
AH4QT33M55677I7ISQOAKEQWACYQ,B0B1YVCJ2Y,2,6.179892206199874e-16
AH4QT33M55677I7ISQOAKEQWACYQ,B092BJMT8Q,3,5.718730326171414e-16
AH4QT33M55677I7ISQOAKEQWACYQ,B07KSMBL2H,4,5.592433259692222e-16
AH4QT33M55677I7ISQOAKEQWACYQ,B014I8SSD0,5,3.5481342804129906e-16
AH4QT33M55677I7ISQOAKEQWACYQ,B07JW1Y6XV,6,3.457378716270565e-16
AH4QT33M55677I7ISQOAKEQWACYQ,B07232M876,7,3.037526396366299e-16
AH4QT33M55677I7ISQOAKEQWACYQ,B014I8SX4Y,8,2.743507300091403e-16
AH4QT33M55677I7ISQOAKEQWACYQ,B0B15CPR37,9,2.7096298576307287e-16
AH4QT33M55677I7ISQOAKEQWACYQ,B09Q5P2MT3,10,2.6211217150183417e-16
AH4TEK5IQCC2BSF2KSQNKQEXAPLA,B014I8SSD0,1,5.559418415603615e-16
AH4TEK5IQCC2BSF2KSQNKQEXAPLA,B0B1YZX72F,2,3.4894282006290016e-16
AH4TEK5IQCC2BSF2KSQNKQEXAPLA,B07232M876,3,3.050084944876962e-16
AH4TEK5IQCC2BSF2KSQNKQEXAPLA,B07XLCFSSN,4,2.451219911900764e-16
AH4TEK5IQCC2BSF2KSQNKQEXAPLA,B09VCHLSJF,5,2.284336359757524e-16
AH4TEK5IQCC2BSF2KSQNKQEXAPLA,B07GVGTSLN,6,1.7293455869752024e-16
AH4TEK5IQCC2BSF2KSQNKQEXAPLA,B0B3MMYHYW,7,1.7040133306682587e-16
AH4TEK5IQCC2BSF2KSQNKQEXAPLA,B0711PVX6Z,8,1.61591164227734e-16
AH4TEK5IQCC2BSF2KSQNKQEXAPLA,B08Y1SJVV5,9,1.288751742878968e-16
AH4TEK5IQCC2BSF2KSQNKQEXAPLA,B09RFC46VP,10,1.227440293468089e-16
AH725ST5NW2Y4JZPKUNTIJCUK2BA,B09Q5P2MT3,1,1.2562259245953426e-15
AH725ST5NW2Y4JZPKUNTIJCUK2BA,B0B1YZX72F,2,1.2249771520695e-15
AH725ST5NW2Y4JZPKUNTIJCUK2BA,B00NH11PEY,3,6.718335332957157e-16
AH725ST5NW2Y4JZPKUNTIJCUK2BA,B0B3MMYHYW,4,6.615821249967525e-16
AH725ST5NW2Y4JZPKUNTIJCUK2BA,B014I8SSD0,5,5.38562395148875e-16
AH725ST5NW2Y4JZPKUNTIJCUK2BA,B08B42LWKN,6,5.344697564242331e-16
AH725ST5NW2Y4JZPKUNTIJCUK2BA,B07LGT55SJ,7,4.865594918290986e-16
AH725ST5NW2Y4JZPKUNTIJCUK2BA,B09NJN8L25,8,3.936644017159727e-16
AH725ST5NW2Y4JZPKUNTIJCUK2BA,B07KSMBL2H,9,3.8417024990778383e-16
AH725ST5NW2Y4JZPKUNTIJCUK2BA,B07JW1Y6XV,10,3.5980523758541484e-16
AH77IQRYD54XCRMCO7XEAIAYCLPA,B09VCHLSJF,1,4.894623446479011e-16
AH77IQRYD54XCRMCO7XEAIAYCLPA,B098NS6PVG,2,4.518931529478877e-16
AH77IQRYD54XCRMCO7XEAIAYCLPA,B0B1YVCJ2Y,3,4.479669725582975e-16
AH77IQRYD54XCRMCO7XEAIAYCLPA,B09NHVCHS9,4,3.507367025675309e-16
AH77IQRYD54XCRMCO7XEAIAYCLPA,B0789LZTCJ,5,3.2417055791147216e-16
AH77IQRYD54XCRMCO7XEAIAYCLPA,B0B1YZX72F,6,3.1419550296058786e-16
AH77IQRYD54XCRMCO7XEAIAYCLPA,B014I8SSD0,7,2.568759932539815e-16
AH77IQRYD54XCRMCO7XEAIAYCLPA,B0711PVX6Z,8,2.3655914193562726e-16
AH77IQRYD54XCRMCO7XEAIAYCLPA,B0088TKTY2,9,2.0935752507510707e-16
AH77IQRYD54XCRMCO7XEAIAYCLPA,B082LZGK39,10,1.9085045151523907e-16
AHBAT6VLOXWGYDL57KHCNCLPXAKA,B09VCHLSJF,1,1.5799077200935454e-15
AHBAT6VLOXWGYDL57KHCNCLPXAKA,B014I8SSD0,2,4.774381141442098e-16
AHBAT6VLOXWGYDL57KHCNCLPXAKA,B07JH1C41D,3,3.0952953841194195e-16
AHBAT6VLOXWGYDL57KHCNCLPXAKA,B07MKFNHKG,4,2.8289904605352945e-16
AHBAT6VLOXWGYDL57KHCNCLPXAKA,B09Q5SWVBJ,5,2.5185814906473884e-16
AHBAT6VLOXWGYDL57KHCNCLPXAKA,B00NH11PEY,6,2.112615539275246e-16
AHBAT6VLOXWGYDL57KHCNCLPXAKA,B008IFXQFU,7,1.6719250328070453e-16
AHBAT6VLOXWGYDL57KHCNCLPXAKA,B01GGKYKQM,8,1.5899997902785796e-16
AHBAT6VLOXWGYDL57KHCNCLPXAKA,B082LSVT4B,9,1.4209983311014877e-16
AHBAT6VLOXWGYDL57KHCNCLPXAKA,B0789LZTCJ,10,1.385130169812902e-16
AHCTC6ULH4XB6YHDY6PCH2R772LQ,B0789LZTCJ,1,8.306933982532062e-16
AHCTC6ULH4XB6YHDY6PCH2R772LQ,B082LZGK39,2,4.813209142393035e-16
AHCTC6ULH4XB6YHDY6PCH2R772LQ,B09NJN8L25,3,3.045248709607012e-16
AHCTC6ULH4XB6YHDY6PCH2R772LQ,B09VCHLSJF,4,2.9905493837625254e-16
AHCTC6ULH4XB6YHDY6PCH2R772LQ,B07MKFNHKG,5,2.4954658514835403e-16
AHCTC6ULH4XB6YHDY6PCH2R772LQ,B09Q5SWVBJ,6,2.372499151188874e-16
AHCTC6ULH4XB6YHDY6PCH2R772LQ,B014I8SSD0,7,2.1828425293204637e-16
AHCTC6ULH4XB6YHDY6PCH2R772LQ,B00NH11KIK,8,2.117063883831839e-16
AHCTC6ULH4XB6YHDY6PCH2R772LQ,B07JH1C41D,9,2.0516910964760353e-16
AHCTC6ULH4XB6YHDY6PCH2R772LQ,B08Y1TFSP6,10,1.9629758731280633e-16
AHCWRQHRUAVMTMUH5NYNB3P4NWEA,B09VCHLSJF,1,1.3489639069217034e-15
AHCWRQHRUAVMTMUH5NYNB3P4NWEA,B07232M876,2,4.1991400322027504e-16
AHCWRQHRUAVMTMUH5NYNB3P4NWEA,B082LZGK39,3,3.4292510393032594e-16
AHCWRQHRUAVMTMUH5NYNB3P4NWEA,B08HDH26JX,4,3.318642253186606e-16
AHCWRQHRUAVMTMUH5NYNB3P4NWEA,B08HDJ86NZ,5,2.5088147686680785e-16
AHCWRQHRUAVMTMUH5NYNB3P4NWEA,B00V4BGDKU,6,2.35826001271866e-16
AHCWRQHRUAVMTMUH5NYNB3P4NWEA,B09NJN8L25,7,2.088468970041522e-16
AHCWRQHRUAVMTMUH5NYNB3P4NWEA,B07MKFNHKG,8,1.7095476333711708e-16
AHCWRQHRUAVMTMUH5NYNB3P4NWEA,B0789LZTCJ,9,1.4994625706176068e-16
AHCWRQHRUAVMTMUH5NYNB3P4NWEA,B09NHVCHS9,10,1.4275922928354833e-16
AHDIDVECFGA6OQRNUBPUO6366UGQ,B09Q5SWVBJ,1,1.512188209282299e-15
AHDIDVECFGA6OQRNUBPUO6366UGQ,B07JH1C41D,2,6.990984434439752e-16
AHDIDVECFGA6OQRNUBPUO6366UGQ,B08Y1TFSP6,3,6.343749496925699e-16
AHDIDVECFGA6OQRNUBPUO6366UGQ,B082LZGK39,4,6.255161954701836e-16
AHDIDVECFGA6OQRNUBPUO6366UGQ,B09NKZXMWJ,5,6.190870001733819e-16
AHDIDVECFGA6OQRNUBPUO6366UGQ,B08HDJ86NZ,6,5.548256850612618e-16
AHDIDVECFGA6OQRNUBPUO6366UGQ,B014I8SSD0,7,1.9569406533648306e-16
AHDIDVECFGA6OQRNUBPUO6366UGQ,B09VCHLSJF,8,1.9259355431271055e-16
AHDIDVECFGA6OQRNUBPUO6366UGQ,B07KSMBL2H,9,1.7893461941939528e-16
AHDIDVECFGA6OQRNUBPUO6366UGQ,B07MKFNHKG,10,1.6490501796634564e-16
AHFAAPSY2MJ5HYOU2VQDJ7AQY4NQ,B092BJMT8Q,1,3.1718747484628497e-16
AHFAAPSY2MJ5HYOU2VQDJ7AQY4NQ,B09VCHLSJF,2,2.7994162039067244e-16
AHFAAPSY2MJ5HYOU2VQDJ7AQY4NQ,B08HDH26JX,3,2.489136034607815e-16
AHFAAPSY2MJ5HYOU2VQDJ7AQY4NQ,B00V4BGDKU,4,2.4568581473843425e-16
AHFAAPSY2MJ5HYOU2VQDJ7AQY4NQ,B0B1YZX72F,5,2.2386181519893975e-16
AHFAAPSY2MJ5HYOU2VQDJ7AQY4NQ,B07JW9H4J1,6,2.0931036925646618e-16
AHFAAPSY2MJ5HYOU2VQDJ7AQY4NQ,B082LSVT4B,7,1.827061545136231e-16
AHFAAPSY2MJ5HYOU2VQDJ7AQY4NQ,B08B42LWKN,8,1.8245965019499764e-16
AHFAAPSY2MJ5HYOU2VQDJ7AQY4NQ,B0088TKTY2,9,1.6609977282476254e-16
AHFAAPSY2MJ5HYOU2VQDJ7AQY4NQ,B008IFXQFU,10,1.6113103045685943e-16
AHGJ2DNFP3OJWO73XW2R7TDXI7WA,B014I8SSD0,1,5.559418415603615e-16
AHGJ2DNFP3OJWO73XW2R7TDXI7WA,B0B1YZX72F,2,3.4894282006290016e-16
AHGJ2DNFP3OJWO73XW2R7TDXI7WA,B07232M876,3,3.050084944876962e-16
AHGJ2DNFP3OJWO73XW2R7TDXI7WA,B07XLCFSSN,4,2.451219911900764e-16
AHGJ2DNFP3OJWO73XW2R7TDXI7WA,B09VCHLSJF,5,2.284336359757524e-16
AHGJ2DNFP3OJWO73XW2R7TDXI7WA,B07GVGTSLN,6,1.7293455869752024e-16
AHGJ2DNFP3OJWO73XW2R7TDXI7WA,B0B3MMYHYW,7,1.7040133306682587e-16
AHGJ2DNFP3OJWO73XW2R7TDXI7WA,B0711PVX6Z,8,1.61591164227734e-16
AHGJ2DNFP3OJWO73XW2R7TDXI7WA,B08Y1SJVV5,9,1.288751742878968e-16
AHGJ2DNFP3OJWO73XW2R7TDXI7WA,B09RFC46VP,10,1.227440293468089e-16
AHHQEKUNVETALN7DTRHUQ2WAWEKQ,B09VCHLSJF,1,4.298098823618066e-16
AHHQEKUNVETALN7DTRHUQ2WAWEKQ,B08Y1TFSP6,2,3.2226206091371886e-16
AHHQEKUNVETALN7DTRHUQ2WAWEKQ,B098NS6PVG,3,3.12681677686763e-16
AHHQEKUNVETALN7DTRHUQ2WAWEKQ,B07XLCFSSN,4,2.3662752127769007e-16
AHHQEKUNVETALN7DTRHUQ2WAWEKQ,B08HDH26JX,5,2.0439392342724756e-16
AHHQEKUNVETALN7DTRHUQ2WAWEKQ,B0711PVX6Z,6,1.979448465126798e-16
AHHQEKUNVETALN7DTRHUQ2WAWEKQ,B082LSVT4B,7,1.788839320097064e-16
AHHQEKUNVETALN7DTRHUQ2WAWEKQ,B07B275VN9,8,1.7383030348463143e-16
AHHQEKUNVETALN7DTRHUQ2WAWEKQ,B0B1YZX72F,9,1.7299630332246685e-16
AHHQEKUNVETALN7DTRHUQ2WAWEKQ,B08Y1SJVV5,10,1.6719250328070453e-16
AHIH3QL5XONYJWEXF7VKLFHZBDJA,B08HDJ86NZ,1,1.1589383492466837e-15
AHIH3QL5XONYJWEXF7VKLFHZBDJA,B09VCHLSJF,2,7.385191737094695e-16
AHIH3QL5XONYJWEXF7VKLFHZBDJA,B0789LZTCJ,3,7.290449071215513e-16
AHIH3QL5XONYJWEXF7VKLFHZBDJA,B07JH1C41D,4,6.167602145474325e-16
AHIH3QL5XONYJWEXF7VKLFHZBDJA,B07B275VN9,5,3.534886583903031e-16
AHIH3QL5XONYJWEXF7VKLFHZBDJA,B09NKZXMWJ,6,2.9284652194614214e-16
AHIH3QL5XONYJWEXF7VKLFHZBDJA,B077Z65HSD,7,2.705704324224262e-16
AHIH3QL5XONYJWEXF7VKLFHZBDJA,B0B3MMYHYW,8,2.564323840340495e-16
AHIH3QL5XONYJWEXF7VKLFHZBDJA,B014I8SSD0,9,2.5424921690567617e-16
AHIH3QL5XONYJWEXF7VKLFHZBDJA,B008FWZGSG,10,2.1953631648709652e-16
AHIKJUDTVJ4T6DV6IUGFYZ5LXMPA,B09NKZXMWJ,1,6.234637741618835e-16
AHIKJUDTVJ4T6DV6IUGFYZ5LXMPA,B014I8SSD0,2,6.0921953491402e-16
AHIKJUDTVJ4T6DV6IUGFYZ5LXMPA,B082LZGK39,3,6.007776834240553e-16
AHIKJUDTVJ4T6DV6IUGFYZ5LXMPA,B077Z65HSD,4,4.75337002959782e-16
AHIKJUDTVJ4T6DV6IUGFYZ5LXMPA,B0789LZTCJ,5,4.667730923318736e-16
AHIKJUDTVJ4T6DV6IUGFYZ5LXMPA,B07JW9H4J1,6,4.021794014675168e-16
AHIKJUDTVJ4T6DV6IUGFYZ5LXMPA,B07KSMBL2H,7,3.635513967474127e-16
AHIKJUDTVJ4T6DV6IUGFYZ5LXMPA,B098NS6PVG,8,3.074341403008572e-16
AHIKJUDTVJ4T6DV6IUGFYZ5LXMPA,B008FWZGSG,9,2.98525608709115e-16
AHIKJUDTVJ4T6DV6IUGFYZ5LXMPA,B0711PVX6Z,10,2.8941183162689335e-16
AHIWNZ2HBQAHVE4OWODM6WH4PMOQ,B08HDH26JX,1,1.3126047320949781e-15
AHIWNZ2HBQAHVE4OWODM6WH4PMOQ,B092BJMT8Q,2,1.22411383275731e-15
AHIWNZ2HBQAHVE4OWODM6WH4PMOQ,B07232M876,3,7.404230845790263e-16
AHIWNZ2HBQAHVE4OWODM6WH4PMOQ,B09RFC46VP,4,6.900479072715612e-16
AHIWNZ2HBQAHVE4OWODM6WH4PMOQ,B07LGT55SJ,5,6.65473272378211e-16
AHIWNZ2HBQAHVE4OWODM6WH4PMOQ,B0711PVX6Z,6,5.198492727336768e-16
AHIWNZ2HBQAHVE4OWODM6WH4PMOQ,B002PD61Y4,7,5.11932148538624e-16
AHIWNZ2HBQAHVE4OWODM6WH4PMOQ,B07KSMBL2H,8,5.024558387687759e-16
AHIWNZ2HBQAHVE4OWODM6WH4PMOQ,B0B3MMYHYW,9,4.464255677322127e-16
AHIWNZ2HBQAHVE4OWODM6WH4PMOQ,B09Q5P2MT3,10,3.992531087357422e-16
AHJSNMHQQWE6LMFRATH5LLJBQQXQ,B08Y1SJVV5,1,7.899538600467727e-16
AHJSNMHQQWE6LMFRATH5LLJBQQXQ,B0B15CPR37,2,6.744819534608517e-16
AHJSNMHQQWE6LMFRATH5LLJBQQXQ,B09Q5P2MT3,3,3.3826673235988353e-16
AHJSNMHQQWE6LMFRATH5LLJBQQXQ,B014I8SX4Y,4,3.317346899348658e-16
AHJSNMHQQWE6LMFRATH5LLJBQQXQ,B08Y1TFSP6,5,2.7994162039067244e-16
AHJSNMHQQWE6LMFRATH5LLJBQQXQ,B008IFXQFU,6,2.149049411809033e-16
AHJSNMHQQWE6LMFRATH5LLJBQQXQ,B07LGT55SJ,7,1.7164210796851648e-16
AHJSNMHQQWE6LMFRATH5LLJBQQXQ,B098NS6PVG,8,1.5835243003307593e-16
AHJSNMHQQWE6LMFRATH5LLJBQQXQ,B07KSMBL2H,9,1.577276547130354e-16
AHJSNMHQQWE6LMFRATH5LLJBQQXQ,B01M4GGIVU,10,1.4992316764536273e-16
AHMGAC6QM62UXNEOCZIHLHSXPP2Q,B0088TKTY2,1,6.788713460238969e-16
AHMGAC6QM62UXNEOCZIHLHSXPP2Q,B09NKZXMWJ,2,6.195197034138706e-16
AHMGAC6QM62UXNEOCZIHLHSXPP2Q,B082LSVT4B,3,5.321262869303366e-16
AHMGAC6QM62UXNEOCZIHLHSXPP2Q,B07KSMBL2H,4,4.185132575585471e-16
AHMGAC6QM62UXNEOCZIHLHSXPP2Q,B0711PVX6Z,5,3.913735569545668e-16
AHMGAC6QM62UXNEOCZIHLHSXPP2Q,B098NS6PVG,6,3.8545003182108523e-16
AHMGAC6QM62UXNEOCZIHLHSXPP2Q,B014I8SSD0,7,3.837465129638003e-16
AHMGAC6QM62UXNEOCZIHLHSXPP2Q,B077Z65HSD,8,3.702746262404844e-16
AHMGAC6QM62UXNEOCZIHLHSXPP2Q,B014I8SX4Y,9,2.7270479749561566e-16
AHMGAC6QM62UXNEOCZIHLHSXPP2Q,B0B15CPR37,10,2.4718267778562436e-16
AHMY5CWJMMK5BJRBBSNLYT3ONILA,B0789LZTCJ,1,8.306933982532062e-16
AHMY5CWJMMK5BJRBBSNLYT3ONILA,B082LZGK39,2,4.813209142393035e-16
AHMY5CWJMMK5BJRBBSNLYT3ONILA,B09NJN8L25,3,3.045248709607012e-16
AHMY5CWJMMK5BJRBBSNLYT3ONILA,B09VCHLSJF,4,2.9905493837625254e-16
AHMY5CWJMMK5BJRBBSNLYT3ONILA,B07MKFNHKG,5,2.4954658514835403e-16
AHMY5CWJMMK5BJRBBSNLYT3ONILA,B09Q5SWVBJ,6,2.372499151188874e-16
AHMY5CWJMMK5BJRBBSNLYT3ONILA,B014I8SSD0,7,2.1828425293204637e-16
AHMY5CWJMMK5BJRBBSNLYT3ONILA,B00NH11KIK,8,2.117063883831839e-16
AHMY5CWJMMK5BJRBBSNLYT3ONILA,B07JH1C41D,9,2.0516910964760353e-16
AHMY5CWJMMK5BJRBBSNLYT3ONILA,B08Y1TFSP6,10,1.9629758731280633e-16
AHOJBIZVVIIFJKRREY4B6ESVA4KA,B09NHVCHS9,1,5.026736741387242e-16
AHOJBIZVVIIFJKRREY4B6ESVA4KA,B09NKZXMWJ,2,3.5586870784500885e-16
AHOJBIZVVIIFJKRREY4B6ESVA4KA,B0789LZTCJ,3,3.5380685022546503e-16
AHOJBIZVVIIFJKRREY4B6ESVA4KA,B09Q5SWVBJ,4,2.294688888415797e-16
AHOJBIZVVIIFJKRREY4B6ESVA4KA,B0B1YZX72F,5,2.0816681711721678e-16
AHOJBIZVVIIFJKRREY4B6ESVA4KA,B00V4BGDKU,6,1.9642801913116305e-16
AHOJBIZVVIIFJKRREY4B6ESVA4KA,B08Y1TFSP6,7,1.6609977282476254e-16
AHOJBIZVVIIFJKRREY4B6ESVA4KA,B002PD61Y4,8,1.6040345586968177e-16
AHOJBIZVVIIFJKRREY4B6ESVA4KA,B014I8SX4Y,9,1.57373048870035e-16
AHOJBIZVVIIFJKRREY4B6ESVA4KA,B082LZGK39,10,1.3936567105166822e-16
AHONIZU3ICIEHQIGQ6R2VFRSBXOQ,B09NJN8L25,1,3.528784457606018e-16
AHONIZU3ICIEHQIGQ6R2VFRSBXOQ,B09RFC46VP,2,3.2337881801959833e-16
AHONIZU3ICIEHQIGQ6R2VFRSBXOQ,B014I8SSD0,3,2.1327254208027568e-16
AHONIZU3ICIEHQIGQ6R2VFRSBXOQ,B09NKZXMWJ,4,1.8155756124759166e-16
AHONIZU3ICIEHQIGQ6R2VFRSBXOQ,B0B15CPR37,5,1.797446176439605e-16
AHONIZU3ICIEHQIGQ6R2VFRSBXOQ,B09NHVCHS9,6,1.7521848395261993e-16
AHONIZU3ICIEHQIGQ6R2VFRSBXOQ,B07KSMBL2H,7,1.635919896677406e-16
AHONIZU3ICIEHQIGQ6R2VFRSBXOQ,B092BJMT8Q,8,1.4723572526890368e-16
AHONIZU3ICIEHQIGQ6R2VFRSBXOQ,B07XLCFSSN,9,1.4173602220593535e-16
AHONIZU3ICIEHQIGQ6R2VFRSBXOQ,B0B1YZX72F,10,1.3338323179816406e-16
AHPAW24BI5X2GCX5M2LHI72VSJJQ,B09VCHLSJF,1,4.298098823618066e-16
AHPAW24BI5X2GCX5M2LHI72VSJJQ,B08Y1TFSP6,2,3.2226206091371886e-16
AHPAW24BI5X2GCX5M2LHI72VSJJQ,B098NS6PVG,3,3.12681677686763e-16
AHPAW24BI5X2GCX5M2LHI72VSJJQ,B07XLCFSSN,4,2.3662752127769007e-16
AHPAW24BI5X2GCX5M2LHI72VSJJQ,B08HDH26JX,5,2.0439392342724756e-16
AHPAW24BI5X2GCX5M2LHI72VSJJQ,B0711PVX6Z,6,1.979448465126798e-16
AHPAW24BI5X2GCX5M2LHI72VSJJQ,B082LSVT4B,7,1.788839320097064e-16
AHPAW24BI5X2GCX5M2LHI72VSJJQ,B07B275VN9,8,1.7383030348463143e-16
AHPAW24BI5X2GCX5M2LHI72VSJJQ,B0B1YZX72F,9,1.7299630332246685e-16
AHPAW24BI5X2GCX5M2LHI72VSJJQ,B08Y1SJVV5,10,1.6719250328070453e-16
AHV3TXIFCJPMS4D5JATCEUR266MQ,B09Q5P2MT3,1,8.23199120819075e-16
AHV3TXIFCJPMS4D5JATCEUR266MQ,B0B1YZX72F,2,7.494314969828364e-16
AHV3TXIFCJPMS4D5JATCEUR266MQ,B07LGT55SJ,3,4.490539754310572e-16
AHV3TXIFCJPMS4D5JATCEUR266MQ,B07JW1Y6XV,4,4.40363073932846e-16
AHV3TXIFCJPMS4D5JATCEUR266MQ,B09RFC46VP,5,4.36105597072706e-16
AHV3TXIFCJPMS4D5JATCEUR266MQ,B00NH11PEY,6,4.145931906882707e-16
AHV3TXIFCJPMS4D5JATCEUR266MQ,B09NJN8L25,7,4.047416074074608e-16
AHV3TXIFCJPMS4D5JATCEUR266MQ,B0B3MMYHYW,8,3.7337087748846836e-16
AHV3TXIFCJPMS4D5JATCEUR266MQ,B0088TKTY2,9,3.3639813205410465e-16
AHV3TXIFCJPMS4D5JATCEUR266MQ,B07KSMBL2H,10,3.093702264469608e-16
AHWVEHR5DYLVFTO2KF3IZATFQSWQ,B014I8SSD0,1,9.629317941587661e-16
AHWVEHR5DYLVFTO2KF3IZATFQSWQ,B09NHVCHS9,2,6.771918956543759e-16
AHWVEHR5DYLVFTO2KF3IZATFQSWQ,B07KSMBL2H,3,5.063106428772956e-16
AHWVEHR5DYLVFTO2KF3IZATFQSWQ,B08Y1TFSP6,4,4.712882162515493e-16
AHWVEHR5DYLVFTO2KF3IZATFQSWQ,B00NH11PEY,5,4.669187316530164e-16
AHWVEHR5DYLVFTO2KF3IZATFQSWQ,B0B1YZX72F,6,4.52837653020466e-16
AHWVEHR5DYLVFTO2KF3IZATFQSWQ,B008IFXQFU,7,3.3522477085308767e-16
AHWVEHR5DYLVFTO2KF3IZATFQSWQ,B07JH1C41D,8,2.847654570368687e-16
AHWVEHR5DYLVFTO2KF3IZATFQSWQ,B07XLCFSSN,9,2.721470447918416e-16
AHWVEHR5DYLVFTO2KF3IZATFQSWQ,B07KRCW6LZ,10,2.6000136869212525e-16
AHYXZVXUY3QTBP7IBFIUBSZVH2XQ,B0B1YZX72F,1,6.984095549578411e-16
AHYXZVXUY3QTBP7IBFIUBSZVH2XQ,B08HDH26JX,2,6.404879934210014e-16
AHYXZVXUY3QTBP7IBFIUBSZVH2XQ,B08HDJ86NZ,3,5.76422495016569e-16
AHYXZVXUY3QTBP7IBFIUBSZVH2XQ,B08B42LWKN,4,5.48097601448889e-16
AHYXZVXUY3QTBP7IBFIUBSZVH2XQ,B07KSMBL2H,5,4.922456204627061e-16
AHYXZVXUY3QTBP7IBFIUBSZVH2XQ,B07MKFNHKG,6,3.390544405455344e-16
AHYXZVXUY3QTBP7IBFIUBSZVH2XQ,B082LSVT4B,7,3.313349310254832e-16
AHYXZVXUY3QTBP7IBFIUBSZVH2XQ,B01GGKYKQM,8,2.818276307073078e-16
AHYXZVXUY3QTBP7IBFIUBSZVH2XQ,B002PD61Y4,9,2.3292112817951955e-16
AHYXZVXUY3QTBP7IBFIUBSZVH2XQ,B09NHVCHS9,10,2.24362346234786e-16
